-- MySQL dump 10.13  Distrib 8.0.22, for Linux (aarch64)
--
-- Host: localhost    Database: meal_project
-- ------------------------------------------------------
-- Server version	8.0.22

/*!40101 SET @OLD_CHARACTER_SET_CLIENT=@@CHARACTER_SET_CLIENT */;
/*!40101 SET @OLD_CHARACTER_SET_RESULTS=@@CHARACTER_SET_RESULTS */;
/*!40101 SET @OLD_COLLATION_CONNECTION=@@COLLATION_CONNECTION */;
/*!50503 SET NAMES utf8mb4 */;
/*!40103 SET @OLD_TIME_ZONE=@@TIME_ZONE */;
/*!40103 SET TIME_ZONE='+00:00' */;
/*!40014 SET @OLD_UNIQUE_CHECKS=@@UNIQUE_CHECKS, UNIQUE_CHECKS=0 */;
/*!40014 SET @OLD_FOREIGN_KEY_CHECKS=@@FOREIGN_KEY_CHECKS, FOREIGN_KEY_CHECKS=0 */;
/*!40101 SET @OLD_SQL_MODE=@@SQL_MODE, SQL_MODE='NO_AUTO_VALUE_ON_ZERO' */;
/*!40111 SET @OLD_SQL_NOTES=@@SQL_NOTES, SQL_NOTES=0 */;

--
-- Table structure for table `auth_group`
--

DROP TABLE IF EXISTS `auth_group`;
/*!40101 SET @saved_cs_client     = @@character_set_client */;
/*!50503 SET character_set_client = utf8mb4 */;
CREATE TABLE `auth_group` (
  `id` int NOT NULL AUTO_INCREMENT,
  `name` varchar(150) NOT NULL,
  PRIMARY KEY (`id`),
  UNIQUE KEY `name` (`name`)
) ENGINE=InnoDB DEFAULT CHARSET=utf8;
/*!40101 SET character_set_client = @saved_cs_client */;

--
-- Dumping data for table `auth_group`
--

LOCK TABLES `auth_group` WRITE;
/*!40000 ALTER TABLE `auth_group` DISABLE KEYS */;
/*!40000 ALTER TABLE `auth_group` ENABLE KEYS */;
UNLOCK TABLES;

--
-- Table structure for table `auth_group_permissions`
--

DROP TABLE IF EXISTS `auth_group_permissions`;
/*!40101 SET @saved_cs_client     = @@character_set_client */;
/*!50503 SET character_set_client = utf8mb4 */;
CREATE TABLE `auth_group_permissions` (
  `id` int NOT NULL AUTO_INCREMENT,
  `group_id` int NOT NULL,
  `permission_id` int NOT NULL,
  PRIMARY KEY (`id`),
  UNIQUE KEY `auth_group_permissions_group_id_permission_id_0cd325b0_uniq` (`group_id`,`permission_id`),
  KEY `auth_group_permissio_permission_id_84c5c92e_fk_auth_perm` (`permission_id`),
  CONSTRAINT `auth_group_permissio_permission_id_84c5c92e_fk_auth_perm` FOREIGN KEY (`permission_id`) REFERENCES `auth_permission` (`id`),
  CONSTRAINT `auth_group_permissions_group_id_b120cbf9_fk_auth_group_id` FOREIGN KEY (`group_id`) REFERENCES `auth_group` (`id`)
) ENGINE=InnoDB DEFAULT CHARSET=utf8;
/*!40101 SET character_set_client = @saved_cs_client */;

--
-- Dumping data for table `auth_group_permissions`
--

LOCK TABLES `auth_group_permissions` WRITE;
/*!40000 ALTER TABLE `auth_group_permissions` DISABLE KEYS */;
/*!40000 ALTER TABLE `auth_group_permissions` ENABLE KEYS */;
UNLOCK TABLES;

--
-- Table structure for table `auth_permission`
--

DROP TABLE IF EXISTS `auth_permission`;
/*!40101 SET @saved_cs_client     = @@character_set_client */;
/*!50503 SET character_set_client = utf8mb4 */;
CREATE TABLE `auth_permission` (
  `id` int NOT NULL AUTO_INCREMENT,
  `name` varchar(255) NOT NULL,
  `content_type_id` int NOT NULL,
  `codename` varchar(100) NOT NULL,
  PRIMARY KEY (`id`),
  UNIQUE KEY `auth_permission_content_type_id_codename_01ab375a_uniq` (`content_type_id`,`codename`),
  CONSTRAINT `auth_permission_content_type_id_2f476e4b_fk_django_co` FOREIGN KEY (`content_type_id`) REFERENCES `django_content_type` (`id`)
) ENGINE=InnoDB AUTO_INCREMENT=101 DEFAULT CHARSET=utf8;
/*!40101 SET character_set_client = @saved_cs_client */;

--
-- Dumping data for table `auth_permission`
--

LOCK TABLES `auth_permission` WRITE;
/*!40000 ALTER TABLE `auth_permission` DISABLE KEYS */;
INSERT INTO `auth_permission` VALUES (1,'Can add log entry',1,'add_logentry'),(2,'Can change log entry',1,'change_logentry'),(3,'Can delete log entry',1,'delete_logentry'),(4,'Can view log entry',1,'view_logentry'),(5,'Can add permission',2,'add_permission'),(6,'Can change permission',2,'change_permission'),(7,'Can delete permission',2,'delete_permission'),(8,'Can view permission',2,'view_permission'),(9,'Can add group',3,'add_group'),(10,'Can change group',3,'change_group'),(11,'Can delete group',3,'delete_group'),(12,'Can view group',3,'view_group'),(13,'Can add user',4,'add_user'),(14,'Can change user',4,'change_user'),(15,'Can delete user',4,'delete_user'),(16,'Can view user',4,'view_user'),(17,'Can add content type',5,'add_contenttype'),(18,'Can change content type',5,'change_contenttype'),(19,'Can delete content type',5,'delete_contenttype'),(20,'Can view content type',5,'view_contenttype'),(21,'Can add session',6,'add_session'),(22,'Can change session',6,'change_session'),(23,'Can delete session',6,'delete_session'),(24,'Can view session',6,'view_session'),(25,'Can add meal',7,'add_meal'),(26,'Can change meal',7,'change_meal'),(27,'Can delete meal',7,'delete_meal'),(28,'Can view meal',7,'view_meal'),(29,'Can add ingredient',8,'add_ingredient'),(30,'Can change ingredient',8,'change_ingredient'),(31,'Can delete ingredient',8,'delete_ingredient'),(32,'Can view ingredient',8,'view_ingredient'),(33,'Can add meal_ details',9,'add_meal_details'),(34,'Can change meal_ details',9,'change_meal_details'),(35,'Can delete meal_ details',9,'delete_meal_details'),(36,'Can view meal_ details',9,'view_meal_details'),(37,'Can add profile',10,'add_profile'),(38,'Can change profile',10,'change_profile'),(39,'Can delete profile',10,'delete_profile'),(40,'Can view profile',10,'view_profile'),(41,'Can add cart',11,'add_cart'),(42,'Can change cart',11,'change_cart'),(43,'Can delete cart',11,'delete_cart'),(44,'Can view cart',11,'view_cart'),(45,'Can add cart_ details',12,'add_cart_details'),(46,'Can change cart_ details',12,'change_cart_details'),(47,'Can delete cart_ details',12,'delete_cart_details'),(48,'Can view cart_ details',12,'view_cart_details'),(49,'Can add cart',1,'add_cart'),(50,'Can change cart',1,'change_cart'),(51,'Can delete cart',1,'delete_cart'),(52,'Can view cart',1,'view_cart'),(53,'Can add cart_ details',2,'add_cart_details'),(54,'Can change cart_ details',2,'change_cart_details'),(55,'Can delete cart_ details',2,'delete_cart_details'),(56,'Can view cart_ details',2,'view_cart_details'),(57,'Can add ingredient',3,'add_ingredient'),(58,'Can change ingredient',3,'change_ingredient'),(59,'Can delete ingredient',3,'delete_ingredient'),(60,'Can view ingredient',3,'view_ingredient'),(61,'Can add meal',4,'add_meal'),(62,'Can change meal',4,'change_meal'),(63,'Can delete meal',4,'delete_meal'),(64,'Can view meal',4,'view_meal'),(65,'Can add meal_ details',5,'add_meal_details'),(66,'Can change meal_ details',5,'change_meal_details'),(67,'Can delete meal_ details',5,'delete_meal_details'),(68,'Can view meal_ details',5,'view_meal_details'),(69,'Can add profile',6,'add_profile'),(70,'Can change profile',6,'change_profile'),(71,'Can delete profile',6,'delete_profile'),(72,'Can view profile',6,'view_profile'),(73,'Can add log entry',7,'add_logentry'),(74,'Can change log entry',7,'change_logentry'),(75,'Can delete log entry',7,'delete_logentry'),(76,'Can view log entry',7,'view_logentry'),(77,'Can add permission',8,'add_permission'),(78,'Can change permission',8,'change_permission'),(79,'Can delete permission',8,'delete_permission'),(80,'Can view permission',8,'view_permission'),(81,'Can add group',9,'add_group'),(82,'Can change group',9,'change_group'),(83,'Can delete group',9,'delete_group'),(84,'Can view group',9,'view_group'),(85,'Can add user',10,'add_user'),(86,'Can change user',10,'change_user'),(87,'Can delete user',10,'delete_user'),(88,'Can view user',10,'view_user'),(89,'Can add content type',11,'add_contenttype'),(90,'Can change content type',11,'change_contenttype'),(91,'Can delete content type',11,'delete_contenttype'),(92,'Can view content type',11,'view_contenttype'),(93,'Can add session',12,'add_session'),(94,'Can change session',12,'change_session'),(95,'Can delete session',12,'delete_session'),(96,'Can view session',12,'view_session'),(97,'Can add store',13,'add_store'),(98,'Can change store',13,'change_store'),(99,'Can delete store',13,'delete_store'),(100,'Can view store',13,'view_store');
/*!40000 ALTER TABLE `auth_permission` ENABLE KEYS */;
UNLOCK TABLES;

--
-- Table structure for table `auth_user`
--

DROP TABLE IF EXISTS `auth_user`;
/*!40101 SET @saved_cs_client     = @@character_set_client */;
/*!50503 SET character_set_client = utf8mb4 */;
CREATE TABLE `auth_user` (
  `id` int NOT NULL AUTO_INCREMENT,
  `password` varchar(128) NOT NULL,
  `last_login` datetime(6) DEFAULT NULL,
  `is_superuser` tinyint(1) NOT NULL,
  `username` varchar(150) NOT NULL,
  `first_name` varchar(30) NOT NULL,
  `last_name` varchar(150) NOT NULL,
  `email` varchar(254) NOT NULL,
  `is_staff` tinyint(1) NOT NULL,
  `is_active` tinyint(1) NOT NULL,
  `date_joined` datetime(6) NOT NULL,
  PRIMARY KEY (`id`),
  UNIQUE KEY `username` (`username`)
) ENGINE=InnoDB AUTO_INCREMENT=4 DEFAULT CHARSET=utf8;
/*!40101 SET character_set_client = @saved_cs_client */;

--
-- Dumping data for table `auth_user`
--

LOCK TABLES `auth_user` WRITE;
/*!40000 ALTER TABLE `auth_user` DISABLE KEYS */;
INSERT INTO `auth_user` VALUES (1,'pbkdf2_sha256$150000$45QcHydGNynL$YcPAa/Kx32FbnTErJnaKGcu6j97V3K1ZCCUklDznDFM=','2020-11-23 19:49:10.163095',1,'shoes','','','s.shoemake@cox.net',1,1,'2019-08-07 01:38:08.567000'),(3,'pbkdf2_sha256$150000$pUivzc2UMn4i$dWz/KrW/D5mzidnp/gV32EBaZ2gSA7yOmXM4sEYAgSM=','2020-05-02 21:07:30.624115',0,'Lshoemak','','','lshoemake@email.arizona.edu',0,1,'2020-05-02 21:07:11.356882');
/*!40000 ALTER TABLE `auth_user` ENABLE KEYS */;
UNLOCK TABLES;

--
-- Table structure for table `auth_user_groups`
--

DROP TABLE IF EXISTS `auth_user_groups`;
/*!40101 SET @saved_cs_client     = @@character_set_client */;
/*!50503 SET character_set_client = utf8mb4 */;
CREATE TABLE `auth_user_groups` (
  `id` int NOT NULL AUTO_INCREMENT,
  `user_id` int NOT NULL,
  `group_id` int NOT NULL,
  PRIMARY KEY (`id`),
  UNIQUE KEY `auth_user_groups_user_id_group_id_94350c0c_uniq` (`user_id`,`group_id`),
  KEY `auth_user_groups_group_id_97559544_fk_auth_group_id` (`group_id`),
  CONSTRAINT `auth_user_groups_group_id_97559544_fk_auth_group_id` FOREIGN KEY (`group_id`) REFERENCES `auth_group` (`id`),
  CONSTRAINT `auth_user_groups_user_id_6a12ed8b_fk_auth_user_id` FOREIGN KEY (`user_id`) REFERENCES `auth_user` (`id`)
) ENGINE=InnoDB DEFAULT CHARSET=utf8;
/*!40101 SET character_set_client = @saved_cs_client */;

--
-- Dumping data for table `auth_user_groups`
--

LOCK TABLES `auth_user_groups` WRITE;
/*!40000 ALTER TABLE `auth_user_groups` DISABLE KEYS */;
/*!40000 ALTER TABLE `auth_user_groups` ENABLE KEYS */;
UNLOCK TABLES;

--
-- Table structure for table `auth_user_user_permissions`
--

DROP TABLE IF EXISTS `auth_user_user_permissions`;
/*!40101 SET @saved_cs_client     = @@character_set_client */;
/*!50503 SET character_set_client = utf8mb4 */;
CREATE TABLE `auth_user_user_permissions` (
  `id` int NOT NULL AUTO_INCREMENT,
  `user_id` int NOT NULL,
  `permission_id` int NOT NULL,
  PRIMARY KEY (`id`),
  UNIQUE KEY `auth_user_user_permissions_user_id_permission_id_14a6b632_uniq` (`user_id`,`permission_id`),
  KEY `auth_user_user_permi_permission_id_1fbb5f2c_fk_auth_perm` (`permission_id`),
  CONSTRAINT `auth_user_user_permi_permission_id_1fbb5f2c_fk_auth_perm` FOREIGN KEY (`permission_id`) REFERENCES `auth_permission` (`id`),
  CONSTRAINT `auth_user_user_permissions_user_id_a95ead1b_fk_auth_user_id` FOREIGN KEY (`user_id`) REFERENCES `auth_user` (`id`)
) ENGINE=InnoDB DEFAULT CHARSET=utf8;
/*!40101 SET character_set_client = @saved_cs_client */;

--
-- Dumping data for table `auth_user_user_permissions`
--

LOCK TABLES `auth_user_user_permissions` WRITE;
/*!40000 ALTER TABLE `auth_user_user_permissions` DISABLE KEYS */;
/*!40000 ALTER TABLE `auth_user_user_permissions` ENABLE KEYS */;
UNLOCK TABLES;

--
-- Table structure for table `carts_cart`
--

DROP TABLE IF EXISTS `carts_cart`;
/*!40101 SET @saved_cs_client     = @@character_set_client */;
/*!50503 SET character_set_client = utf8mb4 */;
CREATE TABLE `carts_cart` (
  `id` int NOT NULL AUTO_INCREMENT,
  `yearweek` int NOT NULL,
  PRIMARY KEY (`id`),
  UNIQUE KEY `yearweek` (`yearweek`)
) ENGINE=InnoDB AUTO_INCREMENT=45 DEFAULT CHARSET=utf8;
/*!40101 SET character_set_client = @saved_cs_client */;

--
-- Dumping data for table `carts_cart`
--

LOCK TABLES `carts_cart` WRITE;
/*!40000 ALTER TABLE `carts_cart` DISABLE KEYS */;
INSERT INTO `carts_cart` VALUES (15,202017),(11,202018),(10,202019),(12,202020),(13,202021),(14,202022),(16,202023),(17,202024),(18,202025),(19,202026),(21,202027),(20,202028),(22,202029),(23,202030),(24,202031),(25,202032),(26,202033),(27,202034),(28,202035),(29,202036),(30,202037),(31,202038),(32,202039),(33,202040),(34,202041),(35,202042),(38,202043),(36,202044),(37,202045),(40,202046),(39,202047),(41,202048),(42,202049),(43,202050),(44,202051);
/*!40000 ALTER TABLE `carts_cart` ENABLE KEYS */;
UNLOCK TABLES;

--
-- Table structure for table `carts_cart_details`
--

DROP TABLE IF EXISTS `carts_cart_details`;
/*!40101 SET @saved_cs_client     = @@character_set_client */;
/*!50503 SET character_set_client = utf8mb4 */;
CREATE TABLE `carts_cart_details` (
  `id` int NOT NULL AUTO_INCREMENT,
  `quantity` smallint unsigned NOT NULL,
  `cart_id` int NOT NULL,
  `ingredient_id` int NOT NULL,
  `found` tinyint(1) NOT NULL,
  PRIMARY KEY (`id`),
  KEY `carts_cart_details_cart_id_c53ebc80_fk_carts_cart_id` (`cart_id`),
  KEY `carts_cart_details_ingredient_id_51058265_fk_meals_ingredient_id` (`ingredient_id`),
  CONSTRAINT `carts_cart_details_cart_id_c53ebc80_fk_carts_cart_id` FOREIGN KEY (`cart_id`) REFERENCES `carts_cart` (`id`),
  CONSTRAINT `carts_cart_details_ingredient_id_51058265_fk_meals_ingredient_id` FOREIGN KEY (`ingredient_id`) REFERENCES `meals_ingredient` (`id`)
) ENGINE=InnoDB AUTO_INCREMENT=850 DEFAULT CHARSET=utf8;
/*!40101 SET character_set_client = @saved_cs_client */;

--
-- Dumping data for table `carts_cart_details`
--

LOCK TABLES `carts_cart_details` WRITE;
/*!40000 ALTER TABLE `carts_cart_details` DISABLE KEYS */;
INSERT INTO `carts_cart_details` VALUES (196,1,10,161,0),(197,1,10,61,0),(198,1,10,56,0),(199,1,10,47,0),(200,1,10,31,0),(201,1,10,19,0),(202,1,10,184,0),(203,1,10,7,0),(204,1,10,138,0),(205,1,10,147,0),(206,1,10,11,0),(207,1,10,150,0),(208,1,10,145,0),(209,1,10,3,0),(210,1,10,122,0),(211,1,10,160,0),(212,1,10,149,0),(221,1,13,145,0),(233,1,13,20,0),(237,1,13,31,0),(238,1,13,13,0),(239,1,13,69,0),(240,1,13,70,0),(242,1,13,71,0),(243,1,13,34,0),(244,1,13,124,0),(245,1,13,68,0),(246,1,13,72,0),(247,1,13,89,0),(248,1,13,63,0),(249,1,13,57,0),(250,1,13,161,0),(252,1,13,154,0),(253,1,13,16,0),(254,1,13,11,0),(255,1,13,37,0),(256,1,13,39,0),(257,1,13,103,0),(258,1,13,102,0),(259,1,14,53,0),(260,1,14,54,0),(261,1,14,52,0),(262,1,14,50,0),(263,1,14,57,0),(264,1,14,198,0),(265,1,14,60,0),(266,1,14,169,0),(267,1,14,197,0),(268,1,14,145,0),(269,1,14,18,0),(270,1,14,127,0),(271,1,14,24,0),(272,1,14,29,0),(273,1,14,51,0),(274,1,14,45,0),(275,1,14,7,0),(276,1,14,87,0),(277,1,14,165,0),(278,1,14,108,0),(279,1,14,130,0),(280,1,14,75,0),(281,1,14,22,0),(282,1,14,33,0),(283,1,14,199,0),(284,2,16,7,0),(285,1,16,108,0),(286,1,16,25,0),(287,1,16,130,0),(288,1,16,36,0),(289,1,16,20,0),(290,1,16,31,0),(291,1,16,200,0),(292,1,16,11,0),(293,1,16,105,0),(294,1,16,53,0),(295,1,16,10,0),(296,1,16,195,0),(297,1,16,201,0),(298,1,16,202,0),(299,1,16,205,0),(300,1,16,206,0),(301,1,16,127,0),(302,1,16,204,0),(303,1,16,203,0),(304,1,16,145,0),(305,1,16,208,0),(306,1,16,23,0),(307,1,16,60,0),(308,1,16,66,0),(309,1,16,209,0),(310,1,17,30,0),(311,1,17,32,0),(312,1,17,20,0),(313,1,17,210,0),(314,1,17,5,0),(315,1,17,47,0),(316,1,17,109,0),(317,1,17,211,0),(318,1,17,145,0),(319,1,17,200,0),(320,1,17,13,0),(321,1,17,12,0),(322,1,17,8,0),(323,1,17,76,0),(324,1,17,89,0),(325,1,17,17,0),(326,1,17,41,0),(327,1,17,46,0),(328,1,17,7,0),(329,1,17,132,0),(330,1,17,131,0),(331,1,17,130,0),(333,1,17,152,0),(334,1,18,45,0),(335,1,18,158,0),(336,1,18,212,0),(337,1,18,121,0),(338,2,18,7,0),(339,1,18,162,0),(340,1,18,13,0),(341,1,18,70,0),(342,1,18,214,0),(343,1,18,89,0),(344,1,18,215,0),(345,1,18,31,0),(346,1,18,63,0),(347,1,18,103,0),(348,1,18,102,0),(349,1,18,18,0),(350,1,18,90,0),(351,1,18,141,0),(352,1,18,23,0),(353,1,18,209,0),(354,1,18,19,0),(355,1,19,45,0),(356,1,19,132,0),(357,1,19,53,0),(358,1,19,87,0),(359,1,19,55,0),(360,1,19,20,0),(361,1,19,138,0),(362,1,19,216,0),(363,1,19,33,0),(364,1,19,63,0),(365,1,19,198,0),(366,1,19,157,0),(367,1,19,208,0),(368,1,19,218,0),(369,1,19,217,0),(370,1,19,219,0),(371,1,19,18,0),(372,1,19,89,0),(373,1,20,53,0),(374,1,20,54,0),(375,1,20,52,0),(376,1,20,50,0),(377,1,20,58,0),(378,1,20,221,0),(379,1,20,19,0),(380,1,20,63,0),(381,1,20,223,0),(382,1,20,224,0),(383,1,20,1,0),(384,1,20,31,0),(385,1,20,12,0),(386,1,20,126,0),(387,1,20,166,0),(388,1,20,47,0),(389,1,20,121,0),(390,1,20,167,0),(391,1,20,45,0),(392,1,20,199,0),(393,1,22,127,0),(394,1,22,24,0),(395,1,22,29,0),(396,1,22,55,0),(397,1,22,51,0),(398,1,22,2,0),(399,1,22,7,0),(400,1,22,15,0),(401,1,22,81,0),(402,1,22,79,0),(403,1,22,54,0),(404,1,22,80,0),(405,1,22,63,0),(406,1,22,45,0),(407,2,22,47,0),(408,1,22,147,0),(409,1,22,11,0),(410,1,22,89,0),(411,1,22,23,0),(412,1,22,53,0),(413,1,22,190,0),(414,1,22,191,0),(415,1,22,18,0),(416,1,22,36,0),(417,1,22,32,0),(418,1,23,78,0),(419,1,23,225,0),(422,1,23,116,0),(423,1,23,226,0),(424,1,23,31,0),(425,1,23,35,0),(430,1,23,107,0),(432,1,23,108,0),(433,1,23,24,0),(434,1,23,56,0),(435,1,23,177,0),(436,1,23,176,0),(437,1,23,46,0),(439,1,23,187,0),(442,1,23,186,0),(443,1,23,104,0),(444,1,23,132,0),(447,1,23,130,0),(448,1,23,77,0),(449,1,23,61,0),(450,1,23,33,0),(451,1,23,19,0),(452,1,23,45,0),(453,1,23,227,0),(454,1,24,137,0),(455,1,24,154,0),(456,1,24,20,0),(457,1,24,13,0),(458,2,24,70,0),(459,2,24,7,0),(460,1,24,89,0),(461,1,24,5,0),(462,1,24,19,0),(463,1,24,63,0),(464,1,24,45,0),(465,1,24,53,0),(466,1,24,87,0),(467,1,24,194,0),(468,1,24,55,0),(469,1,24,106,0),(470,1,24,10,0),(471,1,24,128,0),(472,1,24,25,0),(473,1,24,129,0),(474,1,24,130,0),(475,1,24,80,0),(476,1,24,83,0),(477,1,24,155,0),(478,1,24,32,0),(479,1,24,18,0),(480,1,24,138,0),(481,1,24,24,0),(482,1,24,127,0),(483,1,24,199,0),(484,2,25,7,0),(485,1,25,5,0),(486,1,25,76,0),(487,1,25,28,0),(488,1,25,75,0),(489,1,25,103,0),(490,1,25,102,0),(491,1,25,23,0),(492,1,25,109,0),(493,1,25,57,0),(494,1,25,228,0),(495,1,25,38,0),(496,1,25,132,0),(497,1,25,229,0),(498,1,25,12,0),(499,1,25,119,0),(500,1,25,122,0),(501,1,25,121,0),(502,1,25,64,0),(503,1,25,120,0),(504,1,25,20,0),(505,1,25,33,0),(506,1,25,45,0),(507,1,25,230,0),(508,1,26,18,0),(509,1,26,45,0),(510,1,26,147,0),(511,2,26,60,0),(512,1,26,144,0),(513,1,26,124,0),(514,1,26,132,0),(515,1,26,31,0),(516,1,26,169,0),(517,1,26,151,0),(518,1,26,10,0),(519,1,26,91,0),(520,1,26,170,0),(521,1,26,162,0),(522,1,26,96,0),(523,1,26,64,0),(524,1,26,63,0),(525,1,26,19,0),(526,1,26,57,0),(527,1,26,11,0),(528,1,26,47,0),(529,1,26,231,0),(530,1,26,21,0),(531,1,27,60,0),(532,1,27,81,0),(533,1,27,77,0),(534,1,27,63,0),(535,1,27,51,0),(536,1,27,145,0),(537,1,27,53,0),(538,1,27,190,0),(539,1,27,47,0),(540,1,27,192,0),(541,1,27,57,0),(542,1,27,45,0),(543,1,27,20,0),(544,1,27,24,0),(545,1,27,127,0),(546,1,27,29,0),(547,1,28,13,0),(548,1,28,106,0),(549,1,28,7,0),(550,1,28,87,0),(553,2,28,41,0),(554,1,28,193,0),(555,1,28,19,0),(556,1,28,22,0),(557,1,28,45,0),(558,1,28,31,0),(559,1,28,199,0),(560,1,28,195,0),(561,1,28,23,0),(563,1,28,232,0),(564,1,29,63,0),(565,1,29,109,0),(566,1,29,20,0),(568,1,29,22,0),(569,1,29,31,0),(570,1,29,194,0),(571,1,29,233,0),(572,1,29,54,0),(573,1,29,106,0),(574,1,29,10,0),(575,1,29,7,0),(576,1,29,234,0),(577,1,29,25,0),(578,1,29,129,0),(579,1,29,235,0),(580,1,29,165,0),(581,1,29,236,0),(582,1,29,239,0),(583,1,29,169,0),(584,1,29,198,0),(585,1,29,71,0),(586,1,29,89,0),(587,1,29,238,0),(588,1,29,237,0),(589,1,29,240,0),(590,1,29,242,0),(591,1,29,127,0),(592,1,29,24,0),(593,1,30,243,0),(594,1,30,244,0),(595,1,30,19,0),(596,1,30,127,0),(597,1,30,45,0),(598,1,30,53,0),(599,1,30,54,0),(600,1,30,80,0),(601,1,30,52,0),(602,1,30,50,0),(603,1,30,56,0),(604,1,30,87,0),(605,1,30,89,0),(606,1,30,55,0),(607,1,30,13,0),(609,1,30,8,0),(611,1,30,17,0),(612,1,30,72,0),(613,1,30,41,0),(614,1,30,46,0),(615,1,30,36,0),(616,1,30,1,0),(617,1,30,10,0),(618,1,30,71,0),(619,1,30,156,0),(620,1,30,121,0),(621,1,31,210,0),(622,1,31,23,0),(623,1,31,246,0),(624,1,31,118,0),(625,1,31,33,0),(626,1,31,18,0),(627,1,31,63,0),(628,1,31,160,0),(629,1,31,132,0),(630,1,31,13,0),(631,1,31,69,0),(632,1,31,70,0),(633,1,31,10,0),(634,1,31,71,0),(635,1,31,34,0),(636,1,31,68,0),(637,1,31,11,0),(638,1,31,60,0),(639,1,31,47,0),(640,1,31,22,0),(641,1,31,31,0),(642,1,31,58,0),(643,1,32,13,0),(644,1,32,107,0),(645,1,32,70,0),(646,1,32,7,0),(647,1,32,89,0),(648,1,32,68,0),(649,1,32,134,0),(650,1,32,19,0),(651,1,32,63,0),(652,1,32,51,0),(653,1,32,14,0),(654,1,32,127,0),(655,1,32,24,0),(656,2,32,56,0),(657,1,32,46,0),(658,1,32,138,0),(659,1,32,22,0),(660,1,32,45,0),(661,1,32,11,0),(662,1,32,223,0),(663,1,32,1,0),(664,1,32,247,0),(665,1,32,233,0),(666,1,32,33,0),(667,2,33,7,0),(668,1,33,132,0),(669,1,33,131,0),(670,1,33,130,0),(671,1,33,10,0),(672,1,33,164,0),(673,1,33,162,0),(674,1,33,104,0),(675,1,33,20,0),(676,1,33,63,0),(677,1,33,109,0),(678,1,33,249,0),(679,1,33,248,0),(680,1,33,64,0),(681,1,33,19,0),(682,1,33,138,0),(683,1,33,15,0),(684,1,33,45,0),(685,1,33,154,0),(686,1,33,23,0),(687,1,34,31,0),(688,1,34,5,0),(689,1,34,208,0),(690,1,34,218,0),(691,1,34,217,0),(692,1,34,233,0),(693,1,34,87,0),(694,1,34,127,0),(695,1,34,24,0),(696,1,34,55,0),(697,1,34,250,0),(698,1,34,138,0),(699,1,34,3,0),(700,1,34,200,0),(701,1,34,45,0),(702,1,34,77,0),(703,1,35,53,0),(704,1,35,54,0),(705,1,35,80,0),(706,1,35,52,0),(707,1,35,50,0),(708,1,35,41,0),(709,1,35,61,0),(710,1,35,31,0),(711,1,35,187,0),(712,1,35,147,0),(713,1,35,89,0),(714,1,35,186,0),(715,1,35,188,0),(716,1,35,104,0),(717,1,35,251,0),(718,1,35,11,0),(719,1,35,60,0),(720,1,35,77,0),(721,1,35,47,0),(722,1,35,33,0),(723,1,38,11,0),(724,1,38,89,1),(725,1,38,127,0),(726,1,38,24,0),(727,1,38,252,0),(728,1,38,51,0),(729,1,38,107,1),(730,1,38,7,1),(731,1,38,81,0),(732,1,38,109,0),(733,1,38,147,1),(734,1,38,141,0),(735,1,38,90,0),(736,1,38,63,0),(737,1,38,23,0),(738,1,38,200,0),(739,1,38,45,0),(740,1,38,22,0),(741,1,38,20,0),(742,1,38,15,0),(743,1,36,23,1),(744,1,36,31,1),(745,1,36,19,1),(746,1,36,187,1),(748,1,36,89,1),(749,1,36,186,1),(750,1,36,251,0),(751,1,36,233,0),(752,1,36,13,1),(753,1,36,69,1),(754,1,36,70,1),(756,1,36,71,1),(757,1,36,34,1),(758,1,36,55,1),(759,1,36,124,1),(760,1,36,68,1),(761,1,36,72,1),(762,1,36,123,0),(763,1,36,86,1),(764,1,36,87,1),(766,1,36,91,1),(767,1,36,158,1),(768,1,36,64,1),(769,1,36,120,1),(770,1,36,249,1),(771,1,36,121,1),(772,1,36,151,1),(773,1,37,16,1),(774,1,37,123,0),(775,1,37,144,1),(776,1,37,79,1),(777,1,37,54,1),(778,1,37,80,1),(779,1,37,147,1),(780,2,37,60,1),(781,1,37,11,1),(783,1,37,127,1),(784,1,37,24,1),(785,1,37,47,1),(786,1,37,53,1),(787,1,37,91,1),(788,1,37,92,1),(789,1,37,93,1),(790,1,37,94,1),(791,1,37,25,1),(792,1,37,64,1),(793,1,37,33,1),(794,1,37,154,1),(795,1,37,32,1),(796,1,37,77,1),(797,1,40,123,1),(798,1,40,60,1),(799,1,40,147,1),(800,1,40,19,1),(801,1,40,33,0),(802,1,40,22,1),(803,1,40,138,1),(804,1,40,63,1),(805,1,40,18,1),(806,1,40,233,1),(807,1,40,109,1),(808,1,40,250,1),(809,1,40,12,1),(810,1,40,119,1),(811,1,40,122,1),(812,1,40,121,1),(813,1,40,64,1),(814,1,40,107,1),(815,1,40,70,1),(816,1,40,8,1),(817,1,40,10,1),(818,1,40,253,1),(819,1,40,7,1),(820,1,40,25,1),(821,1,40,31,1),(822,1,40,11,1),(823,1,39,7,1),(824,1,39,97,1),(825,1,39,100,1),(826,1,39,96,1),(827,1,39,98,1),(828,2,39,56,0),(829,1,39,99,0),(830,1,39,2,1),(831,1,39,5,1),(832,1,39,147,1),(833,2,39,60,1),(834,1,39,11,1),(835,1,39,105,1),(836,1,39,46,1),(837,1,39,30,1),(838,1,39,78,1),(839,1,39,154,1),(840,1,39,33,0),(841,1,39,20,0),(842,1,39,103,1),(843,1,39,102,1),(844,1,39,180,1),(845,1,39,182,1),(846,1,39,254,1),(847,1,39,15,1),(848,1,39,255,1),(849,1,39,256,1);
/*!40000 ALTER TABLE `carts_cart_details` ENABLE KEYS */;
UNLOCK TABLES;

--
-- Table structure for table `carts_cart_meals`
--

DROP TABLE IF EXISTS `carts_cart_meals`;
/*!40101 SET @saved_cs_client     = @@character_set_client */;
/*!50503 SET character_set_client = utf8mb4 */;
CREATE TABLE `carts_cart_meals` (
  `id` int NOT NULL AUTO_INCREMENT,
  `cart_id` int NOT NULL,
  `meal_id` int NOT NULL,
  PRIMARY KEY (`id`),
  UNIQUE KEY `carts_cart_meals_cart_id_meal_id_fd29c0a0_uniq` (`cart_id`,`meal_id`),
  KEY `carts_cart_meals_meal_id_bdaf2a0b_fk_meals_meal_id` (`meal_id`),
  CONSTRAINT `carts_cart_meals_cart_id_c2e519f5_fk_carts_cart_id` FOREIGN KEY (`cart_id`) REFERENCES `carts_cart` (`id`),
  CONSTRAINT `carts_cart_meals_meal_id_bdaf2a0b_fk_meals_meal_id` FOREIGN KEY (`meal_id`) REFERENCES `meals_meal` (`id`)
) ENGINE=InnoDB AUTO_INCREMENT=141 DEFAULT CHARSET=utf8;
/*!40101 SET character_set_client = @saved_cs_client */;

--
-- Dumping data for table `carts_cart_meals`
--

LOCK TABLES `carts_cart_meals` WRITE;
/*!40000 ALTER TABLE `carts_cart_meals` DISABLE KEYS */;
INSERT INTO `carts_cart_meals` VALUES (39,10,7),(38,10,8),(36,10,9),(37,10,11),(40,10,25),(46,13,3),(45,13,25),(41,13,36),(42,13,37),(49,14,5),(47,14,6),(50,14,29),(48,14,40),(52,16,22),(51,16,29),(53,16,41),(54,16,42),(55,17,7),(58,17,8),(59,17,20),(57,17,26),(56,17,42),(60,18,7),(62,18,27),(64,18,42),(61,18,43),(63,18,44),(66,19,20),(67,19,25),(65,19,27),(68,19,45),(69,19,46),(70,19,47),(71,20,6),(72,20,30),(73,22,5),(76,22,7),(75,22,11),(74,22,23),(77,22,25),(78,22,38),(80,23,16),(83,23,20),(81,23,33),(82,23,36),(87,24,12),(86,24,19),(84,24,44),(85,24,45),(89,25,10),(90,25,18),(88,25,44),(93,26,32),(94,26,37),(91,26,48),(92,26,49),(96,27,37),(97,27,38),(95,27,49),(98,28,15),(99,28,39),(102,29,5),(100,29,50),(101,29,51),(103,30,6),(106,30,8),(105,30,26),(104,30,45),(107,30,52),(108,31,3),(109,31,37),(112,32,8),(110,32,21),(111,32,28),(113,33,20),(114,33,27),(115,33,53),(119,34,5),(118,34,8),(117,34,47),(116,34,53),(120,35,6),(121,35,8),(122,35,36),(123,35,37),(128,36,3),(127,36,36),(129,36,55),(130,37,11),(134,37,14),(133,37,37),(131,37,48),(132,37,54),(126,38,25),(125,38,31),(124,38,54),(137,39,2),(140,39,8),(139,39,22),(138,39,48),(135,40,18),(136,40,56);
/*!40000 ALTER TABLE `carts_cart_meals` ENABLE KEYS */;
UNLOCK TABLES;

--
-- Table structure for table `django_admin_log`
--

DROP TABLE IF EXISTS `django_admin_log`;
/*!40101 SET @saved_cs_client     = @@character_set_client */;
/*!50503 SET character_set_client = utf8mb4 */;
CREATE TABLE `django_admin_log` (
  `id` int NOT NULL AUTO_INCREMENT,
  `action_time` datetime(6) NOT NULL,
  `object_id` longtext,
  `object_repr` varchar(200) NOT NULL,
  `action_flag` smallint unsigned NOT NULL,
  `change_message` longtext NOT NULL,
  `content_type_id` int DEFAULT NULL,
  `user_id` int NOT NULL,
  PRIMARY KEY (`id`),
  KEY `django_admin_log_content_type_id_c4bce8eb_fk_django_co` (`content_type_id`),
  KEY `django_admin_log_user_id_c564eba6_fk_auth_user_id` (`user_id`),
  CONSTRAINT `django_admin_log_content_type_id_c4bce8eb_fk_django_co` FOREIGN KEY (`content_type_id`) REFERENCES `django_content_type` (`id`),
  CONSTRAINT `django_admin_log_user_id_c564eba6_fk_auth_user_id` FOREIGN KEY (`user_id`) REFERENCES `auth_user` (`id`)
) ENGINE=InnoDB AUTO_INCREMENT=210 DEFAULT CHARSET=utf8;
/*!40101 SET character_set_client = @saved_cs_client */;

--
-- Dumping data for table `django_admin_log`
--

LOCK TABLES `django_admin_log` WRITE;
/*!40000 ALTER TABLE `django_admin_log` DISABLE KEYS */;
INSERT INTO `django_admin_log` VALUES (1,'2019-08-07 01:42:55.354000','2','TestUser',1,'[{\"added\": {}}]',4,1),(2,'2019-08-07 01:43:05.430000','2','TestUser',2,'[{\"changed\": {\"fields\": [\"email\"]}}]',4,1),(3,'2019-08-07 05:23:53.383000','1','Meal object (1)',2,'[{\"changed\": {\"fields\": [\"name\"]}}]',7,1),(4,'2019-08-10 00:46:33.030000','1','shoes Profile',1,'[{\"added\": {}}]',10,1),(5,'2019-08-10 00:46:54.858000','2','NewUser Profile',1,'[{\"added\": {}}]',10,1),(6,'2019-08-10 00:55:12.821000','2','NewUser Profile',3,'',10,1),(7,'2019-08-10 00:55:12.823000','1','shoes Profile',3,'',10,1),(8,'2019-08-10 00:55:32.140000','3','shoes Profile',1,'[{\"added\": {}}]',10,1),(9,'2019-08-10 00:55:42.814000','4','NewUser Profile',1,'[{\"added\": {}}]',10,1),(10,'2019-08-10 02:24:43.696000','5','NewUser2 Profile',1,'[{\"added\": {}}]',10,1),(11,'2019-08-12 02:37:38.373000','1','Meal_Details object (1)',1,'[{\"added\": {}}]',9,1),(12,'2019-08-12 02:38:22.504000','2','Meal_Details object (2)',1,'[{\"added\": {}}]',9,1),(13,'2019-08-12 03:01:48.474000','3','Meal_Details object (3)',1,'[{\"added\": {}}]',9,1),(14,'2019-08-20 05:10:22.709000','1','Cart object (1)',1,'[{\"added\": {}}]',11,1),(15,'2019-08-31 05:50:56.598000','4','Cart object (4)',2,'[{\"changed\": {\"fields\": [\"meals\"]}}]',11,1),(16,'2019-09-02 17:00:37.957000','32','Cart object (32)',3,'',11,1),(17,'2019-09-02 17:01:00.136000','30','Cart object (30)',3,'',11,1),(18,'2019-09-02 17:01:00.138000','29','Cart object (29)',3,'',11,1),(19,'2019-09-02 17:01:00.140000','28','Cart object (28)',3,'',11,1),(20,'2019-09-02 17:01:00.141000','27','Cart object (27)',3,'',11,1),(21,'2019-09-02 17:01:00.142000','26','Cart object (26)',3,'',11,1),(22,'2019-09-02 17:01:00.144000','25','Cart object (25)',3,'',11,1),(23,'2019-09-02 17:01:00.145000','24','Cart object (24)',3,'',11,1),(24,'2019-09-02 17:01:00.146000','23','Cart object (23)',3,'',11,1),(25,'2019-09-02 17:01:00.147000','22','Cart object (22)',3,'',11,1),(26,'2019-09-02 17:01:00.148000','21','Cart object (21)',3,'',11,1),(27,'2019-09-02 17:01:00.149000','28','Cart object (28)',3,'',11,1),(28,'2019-09-02 17:01:00.150000','27','Cart object (27)',3,'',11,1),(29,'2019-09-02 17:01:00.151000','26','Cart object (26)',3,'',11,1),(30,'2019-09-02 17:01:00.152000','25','Cart object (25)',3,'',11,1),(31,'2019-09-02 17:01:00.153000','24','Cart object (24)',3,'',11,1),(32,'2019-09-02 17:01:00.154000','23','Cart object (23)',3,'',11,1),(33,'2019-09-02 17:01:00.155000','30','Cart object (30)',3,'',11,1),(34,'2019-09-02 17:01:00.156000','30','Cart object (30)',3,'',11,1),(35,'2019-09-02 17:01:00.157000','29','Cart object (29)',3,'',11,1),(36,'2019-09-02 17:01:00.158000','29','Cart object (29)',3,'',11,1),(37,'2019-09-02 17:01:00.158000','30','Cart object (30)',3,'',11,1),(38,'2019-09-02 17:01:00.159000','29','Cart object (29)',3,'',11,1),(39,'2019-09-02 17:01:00.160000','30','Cart object (30)',3,'',11,1),(40,'2019-09-02 17:01:00.161000','29','Cart object (29)',3,'',11,1),(41,'2019-09-02 17:01:00.162000','28','Cart object (28)',3,'',11,1),(42,'2019-09-02 17:01:00.163000','27','Cart object (27)',3,'',11,1),(43,'2019-09-02 17:01:00.164000','26','Cart object (26)',3,'',11,1),(44,'2019-09-02 17:01:00.165000','25','Cart object (25)',3,'',11,1),(45,'2019-09-02 17:01:00.165000','24','Cart object (24)',3,'',11,1),(46,'2019-09-02 17:01:00.166000','23','Cart object (23)',3,'',11,1),(47,'2019-09-02 17:01:00.167000','22','Cart object (22)',3,'',11,1),(48,'2019-09-02 17:01:00.168000','21','Cart object (21)',3,'',11,1),(49,'2019-09-02 17:01:00.169000','28','Cart object (28)',3,'',11,1),(50,'2019-09-02 17:01:00.170000','27','Cart object (27)',3,'',11,1),(51,'2019-09-02 17:01:00.171000','26','Cart object (26)',3,'',11,1),(52,'2019-09-02 17:01:00.171000','25','Cart object (25)',3,'',11,1),(53,'2019-09-02 17:01:00.172000','24','Cart object (24)',3,'',11,1),(54,'2019-09-02 17:01:00.173000','23','Cart object (23)',3,'',11,1),(55,'2019-09-02 17:01:00.174000','22','Cart object (22)',3,'',11,1),(56,'2019-09-02 17:01:00.175000','21','Cart object (21)',3,'',11,1),(57,'2019-09-02 17:01:00.175000','30','Cart object (30)',3,'',11,1),(58,'2019-09-02 17:01:00.176000','29','Cart object (29)',3,'',11,1),(59,'2019-09-02 17:01:00.177000','28','Cart object (28)',3,'',11,1),(60,'2019-09-02 17:01:00.178000','27','Cart object (27)',3,'',11,1),(61,'2019-09-02 17:01:00.179000','26','Cart object (26)',3,'',11,1),(62,'2019-09-02 17:01:00.180000','25','Cart object (25)',3,'',11,1),(63,'2019-09-02 17:01:00.180000','24','Cart object (24)',3,'',11,1),(64,'2019-09-02 17:01:00.181000','23','Cart object (23)',3,'',11,1),(65,'2019-09-02 17:01:00.182000','22','Cart object (22)',3,'',11,1),(66,'2019-09-02 17:01:00.183000','21','Cart object (21)',3,'',11,1),(67,'2019-09-02 17:01:26.154000','12','Cart object (12)',3,'',11,1),(68,'2019-09-02 17:01:26.156000','12','Cart object (12)',3,'',11,1),(69,'2019-09-02 17:01:26.157000','11','Cart object (11)',3,'',11,1),(70,'2019-09-02 17:01:26.159000','11','Cart object (11)',3,'',11,1),(71,'2019-09-02 17:01:26.160000','10','Cart object (10)',3,'',11,1),(72,'2019-09-02 17:01:26.161000','10','Cart object (10)',3,'',11,1),(73,'2019-09-02 17:01:26.162000','9','Cart object (9)',3,'',11,1),(74,'2019-09-02 17:01:26.164000','9','Cart object (9)',3,'',11,1),(75,'2019-09-02 17:01:26.165000','8','Cart object (8)',3,'',11,1),(76,'2019-09-02 17:01:26.166000','8','Cart object (8)',3,'',11,1),(77,'2019-09-02 17:01:26.167000','12','Cart object (12)',3,'',11,1),(78,'2019-09-02 17:01:26.168000','11','Cart object (11)',3,'',11,1),(79,'2019-09-02 17:01:26.169000','10','Cart object (10)',3,'',11,1),(80,'2019-09-02 17:01:26.170000','9','Cart object (9)',3,'',11,1),(81,'2019-09-02 17:01:26.171000','8','Cart object (8)',3,'',11,1),(82,'2019-09-02 17:01:26.172000','12','Cart object (12)',3,'',11,1),(83,'2019-09-02 17:01:26.173000','11','Cart object (11)',3,'',11,1),(84,'2019-09-02 17:01:26.174000','10','Cart object (10)',3,'',11,1),(85,'2019-09-02 17:01:26.175000','9','Cart object (9)',3,'',11,1),(86,'2019-09-02 17:01:26.176000','8','Cart object (8)',3,'',11,1),(87,'2019-09-02 17:01:51.808000','31','Cart object (31)',3,'',11,1),(88,'2019-09-02 17:01:51.810000','2','Cart object (2)',3,'',11,1),(89,'2019-09-02 17:01:51.811000','31','Cart object (31)',3,'',11,1),(90,'2019-09-02 17:01:51.813000','31','Cart object (31)',3,'',11,1),(91,'2019-09-02 17:01:51.814000','20','Cart object (20)',3,'',11,1),(92,'2019-09-02 17:01:51.815000','20','Cart object (20)',3,'',11,1),(93,'2019-09-02 17:01:51.817000','31','Cart object (31)',3,'',11,1),(94,'2019-09-02 17:01:51.818000','20','Cart object (20)',3,'',11,1),(95,'2019-09-02 17:01:51.819000','2','Cart object (2)',3,'',11,1),(96,'2019-09-02 17:01:51.820000','19','Cart object (19)',3,'',11,1),(97,'2019-09-02 17:01:51.821000','18','Cart object (18)',3,'',11,1),(98,'2019-09-02 17:01:51.823000','17','Cart object (17)',3,'',11,1),(99,'2019-09-02 17:01:51.824000','2','Cart object (2)',3,'',11,1),(100,'2019-09-02 17:01:51.825000','19','Cart object (19)',3,'',11,1),(101,'2019-09-02 17:01:51.826000','18','Cart object (18)',3,'',11,1),(102,'2019-09-02 17:01:51.827000','17','Cart object (17)',3,'',11,1),(103,'2019-09-02 17:01:51.828000','31','Cart object (31)',3,'',11,1),(104,'2019-09-02 17:01:51.829000','20','Cart object (20)',3,'',11,1),(105,'2019-09-02 17:01:51.830000','19','Cart object (19)',3,'',11,1),(106,'2019-09-02 17:01:51.831000','18','Cart object (18)',3,'',11,1),(107,'2019-09-02 17:01:51.832000','17','Cart object (17)',3,'',11,1),(108,'2019-09-02 17:01:51.833000','19','Cart object (19)',3,'',11,1),(109,'2019-09-02 17:01:51.835000','18','Cart object (18)',3,'',11,1),(110,'2019-09-02 17:01:51.836000','17','Cart object (17)',3,'',11,1),(111,'2019-09-02 17:01:51.837000','2','Cart object (2)',3,'',11,1),(112,'2019-09-02 17:01:51.838000','31','Cart object (31)',3,'',11,1),(113,'2019-09-02 17:01:51.839000','19','Cart object (19)',3,'',11,1),(114,'2019-09-02 17:01:51.840000','18','Cart object (18)',3,'',11,1),(115,'2019-09-02 17:01:51.841000','17','Cart object (17)',3,'',11,1),(116,'2019-09-02 17:02:20.703000','16','Cart object (16)',3,'',11,1),(117,'2019-09-02 17:02:20.706000','15','Cart object (15)',3,'',11,1),(118,'2019-09-02 17:02:20.707000','14','Cart object (14)',3,'',11,1),(119,'2019-09-02 17:02:20.709000','13','Cart object (13)',3,'',11,1),(120,'2019-09-02 17:02:20.710000','16','Cart object (16)',3,'',11,1),(121,'2019-09-02 17:02:20.711000','15','Cart object (15)',3,'',11,1),(122,'2019-09-02 17:02:20.712000','14','Cart object (14)',3,'',11,1),(123,'2019-09-02 17:02:20.714000','13','Cart object (13)',3,'',11,1),(124,'2019-09-02 17:02:20.716000','16','Cart object (16)',3,'',11,1),(125,'2019-09-02 17:02:20.717000','15','Cart object (15)',3,'',11,1),(126,'2019-09-02 17:02:20.718000','14','Cart object (14)',3,'',11,1),(127,'2019-09-02 17:02:20.719000','13','Cart object (13)',3,'',11,1),(128,'2019-09-02 17:02:20.720000','16','Cart object (16)',3,'',11,1),(129,'2019-09-02 17:02:20.721000','15','Cart object (15)',3,'',11,1),(130,'2019-09-02 17:02:20.722000','14','Cart object (14)',3,'',11,1),(131,'2019-09-17 03:32:17.057000','4','Meal_Details object (4)',1,'[{\"added\": {}}]',9,1),(132,'2019-09-17 03:32:36.475000','5','Meal_Details object (5)',1,'[{\"added\": {}}]',9,1),(133,'2019-09-17 03:32:55.846000','6','Meal_Details object (6)',1,'[{\"added\": {}}]',9,1),(134,'2019-09-17 03:33:12.081000','7','Meal_Details object (7)',1,'[{\"added\": {}}]',9,1),(135,'2019-09-17 03:35:46.901000','8','Meal_Details object (8)',1,'[{\"added\": {}}]',9,1),(136,'2019-09-17 03:36:02.270000','9','Meal_Details object (9)',1,'[{\"added\": {}}]',9,1),(137,'2019-09-17 03:36:14.679000','10','Meal_Details object (10)',1,'[{\"added\": {}}]',9,1),(138,'2019-09-17 03:36:30.315000','11','Meal_Details object (11)',1,'[{\"added\": {}}]',9,1),(139,'2019-09-17 03:36:41.239000','12','Meal_Details object (12)',1,'[{\"added\": {}}]',9,1),(140,'2019-09-17 03:36:53.131000','13','Meal_Details object (13)',1,'[{\"added\": {}}]',9,1),(141,'2019-09-17 03:38:33.670000','14','Meal_Details object (14)',1,'[{\"added\": {}}]',9,1),(142,'2019-09-17 03:39:51.789000','15','Meal_Details object (15)',1,'[{\"added\": {}}]',9,1),(143,'2019-09-17 03:43:13.490000','16','Meal_Details object (16)',1,'[{\"added\": {}}]',9,1),(144,'2019-09-17 03:43:31.027000','17','Meal_Details object (17)',1,'[{\"added\": {}}]',9,1),(145,'2019-09-17 03:43:44.463000','18','Meal_Details object (18)',1,'[{\"added\": {}}]',9,1),(146,'2019-09-17 03:44:39.492000','60','Tomatos, vine ripe',1,'[{\"added\": {}}]',8,1),(147,'2019-09-17 03:44:58.979000','19','Meal_Details object (19)',1,'[{\"added\": {}}]',9,1),(148,'2019-09-17 03:48:03.713000','20','Meal_Details object (20)',1,'[{\"added\": {}}]',9,1),(149,'2019-09-17 03:48:17.550000','21','Meal_Details object (21)',1,'[{\"added\": {}}]',9,1),(150,'2019-09-17 03:48:35.233000','22','Meal_Details object (22)',1,'[{\"added\": {}}]',9,1),(151,'2019-09-17 03:49:56.986000','23','Meal_Details object (23)',1,'[{\"added\": {}}]',9,1),(152,'2019-09-17 03:52:46.929000','24','Meal_Details object (24)',1,'[{\"added\": {}}]',9,1),(153,'2019-09-17 03:53:01.238000','25','Meal_Details object (25)',1,'[{\"added\": {}}]',9,1),(154,'2019-09-17 03:53:23.893000','62','Pancake Mix',1,'[{\"added\": {}}]',8,1),(155,'2019-09-17 03:53:38.465000','26','Meal_Details object (26)',1,'[{\"added\": {}}]',9,1),(156,'2019-09-23 00:04:15.011000','27','Meal_Details object (27)',1,'[{\"added\": {}}]',9,1),(157,'2019-09-23 00:04:28.320000','28','Meal_Details object (28)',1,'[{\"added\": {}}]',9,1),(158,'2019-09-23 00:04:39.037000','29','Meal_Details object (29)',1,'[{\"added\": {}}]',9,1),(159,'2019-09-23 00:04:48.587000','30','Meal_Details object (30)',1,'[{\"added\": {}}]',9,1),(160,'2019-09-23 02:52:17.097000','31','Meal_Details object (31)',1,'[{\"added\": {}}]',9,1),(161,'2019-09-23 02:52:32.407000','32','Meal_Details object (32)',1,'[{\"added\": {}}]',9,1),(162,'2019-09-23 02:52:46.245000','33','Meal_Details object (33)',1,'[{\"added\": {}}]',9,1),(163,'2019-09-23 02:52:56.771000','34','Meal_Details object (34)',1,'[{\"added\": {}}]',9,1),(164,'2019-09-23 02:53:29.558000','35','Meal_Details object (35)',1,'[{\"added\": {}}]',9,1),(165,'2019-09-23 02:53:46.375000','36','Meal_Details object (36)',1,'[{\"added\": {}}]',9,1),(166,'2019-09-23 02:54:01.012000','37','Meal_Details object (37)',1,'[{\"added\": {}}]',9,1),(167,'2019-09-23 02:56:41.274000','1','Meal_Details object (1)',3,'',9,1),(168,'2019-09-23 02:57:44.623000','38','Meal_Details object (38)',1,'[{\"added\": {}}]',9,1),(169,'2019-09-30 03:00:38.697000','39','Meal_Details object (39)',1,'[{\"added\": {}}]',9,1),(170,'2019-09-30 03:00:56.640000','40','Meal_Details object (40)',1,'[{\"added\": {}}]',9,1),(171,'2019-09-30 03:01:16.125000','41','Meal_Details object (41)',1,'[{\"added\": {}}]',9,1),(172,'2019-09-30 03:01:32.066000','42','Meal_Details object (42)',1,'[{\"added\": {}}]',9,1),(173,'2019-09-30 03:01:47.782000','43','Meal_Details object (43)',1,'[{\"added\": {}}]',9,1),(174,'2019-09-30 03:02:03.937000','44','Meal_Details object (44)',1,'[{\"added\": {}}]',9,1),(175,'2019-09-30 03:32:03.640000','45','Meal_Details object (45)',1,'[{\"added\": {}}]',9,1),(176,'2019-09-30 03:32:14.721000','46','Meal_Details object (46)',1,'[{\"added\": {}}]',9,1),(177,'2019-09-30 03:32:27.388000','47','Meal_Details object (47)',1,'[{\"added\": {}}]',9,1),(178,'2019-09-30 03:32:44.211000','48','Meal_Details object (48)',1,'[{\"added\": {}}]',9,1),(179,'2019-09-30 03:32:58.513000','49','Meal_Details object (49)',1,'[{\"added\": {}}]',9,1),(180,'2019-10-07 03:41:56.243000','50','Meal_Details object (50)',1,'[{\"added\": {}}]',9,1),(181,'2019-10-07 03:42:24.007000','51','Meal_Details object (51)',1,'[{\"added\": {}}]',9,1),(182,'2019-10-07 03:42:41.242000','52','Meal_Details object (52)',1,'[{\"added\": {}}]',9,1),(183,'2019-10-07 03:43:34.161000','53','Meal_Details object (53)',1,'[{\"added\": {}}]',9,1),(184,'2019-10-07 03:52:06.235000','54','Meal_Details object (54)',1,'[{\"added\": {}}]',9,1),(185,'2019-10-07 03:52:18.689000','55','Meal_Details object (55)',1,'[{\"added\": {}}]',9,1),(186,'2019-10-07 03:52:43.439000','56','Meal_Details object (56)',1,'[{\"added\": {}}]',9,1),(187,'2019-10-07 03:53:29.373000','57','Meal_Details object (57)',1,'[{\"added\": {}}]',9,1),(188,'2019-10-07 03:53:54.944000','58','Meal_Details object (58)',1,'[{\"added\": {}}]',9,1),(189,'2019-10-15 17:55:37.171000','59','Meal_Details object (59)',1,'[{\"added\": {}}]',9,1),(190,'2019-10-15 17:55:52.718000','60','Meal_Details object (60)',1,'[{\"added\": {}}]',9,1),(191,'2019-10-15 17:56:15.240000','61','Meal_Details object (61)',1,'[{\"added\": {}}]',9,1),(192,'2019-10-15 17:56:30.438000','62','Meal_Details object (62)',1,'[{\"added\": {}}]',9,1),(193,'2019-10-15 17:56:45.376000','63','Meal_Details object (63)',1,'[{\"added\": {}}]',9,1),(194,'2019-10-15 17:56:58.518000','64','Meal_Details object (64)',1,'[{\"added\": {}}]',9,1),(195,'2019-10-15 17:57:18.646000','65','Meal_Details object (65)',1,'[{\"added\": {}}]',9,1),(196,'2020-03-12 16:28:12.056000','3','NewUser',3,'',4,1),(197,'2020-03-12 16:28:12.065000','4','NewUser2',3,'',4,1),(198,'2020-03-12 16:28:12.074000','5','NewUser3',3,'',4,1),(199,'2020-03-12 16:28:12.083000','6','NewUser4',3,'',4,1),(200,'2020-03-12 16:28:12.091000','2','TestUser',3,'',4,1),(201,'2020-05-01 20:03:55.037027','9','Cart object (9)',3,'',1,1),(202,'2020-05-01 20:03:55.043205','8','Cart object (8)',3,'',1,1),(203,'2020-05-01 20:03:55.048691','7','Cart object (7)',3,'',1,1),(204,'2020-05-01 20:03:55.053497','6','Cart object (6)',3,'',1,1),(205,'2020-05-01 20:03:55.059867','5','Cart object (5)',3,'',1,1),(206,'2020-05-01 20:03:55.064745','4','Cart object (4)',3,'',1,1),(207,'2020-05-01 20:03:55.070191','3','Cart object (3)',3,'',1,1),(208,'2020-05-01 20:03:55.073872','2','Cart object (2)',3,'',1,1),(209,'2020-05-01 20:03:55.077574','1','Cart object (1)',3,'',1,1);
/*!40000 ALTER TABLE `django_admin_log` ENABLE KEYS */;
UNLOCK TABLES;

--
-- Table structure for table `django_content_type`
--

DROP TABLE IF EXISTS `django_content_type`;
/*!40101 SET @saved_cs_client     = @@character_set_client */;
/*!50503 SET character_set_client = utf8mb4 */;
CREATE TABLE `django_content_type` (
  `id` int NOT NULL AUTO_INCREMENT,
  `app_label` varchar(100) NOT NULL,
  `model` varchar(100) NOT NULL,
  PRIMARY KEY (`id`),
  UNIQUE KEY `django_content_type_app_label_model_76bd3d3b_uniq` (`app_label`,`model`)
) ENGINE=InnoDB AUTO_INCREMENT=14 DEFAULT CHARSET=utf8;
/*!40101 SET character_set_client = @saved_cs_client */;

--
-- Dumping data for table `django_content_type`
--

LOCK TABLES `django_content_type` WRITE;
/*!40000 ALTER TABLE `django_content_type` DISABLE KEYS */;
INSERT INTO `django_content_type` VALUES (7,'admin','logentry'),(9,'auth','group'),(8,'auth','permission'),(10,'auth','user'),(1,'carts','cart'),(2,'carts','cart_details'),(11,'contenttypes','contenttype'),(3,'meals','ingredient'),(4,'meals','meal'),(5,'meals','meal_details'),(12,'sessions','session'),(13,'stores','store'),(6,'users','profile');
/*!40000 ALTER TABLE `django_content_type` ENABLE KEYS */;
UNLOCK TABLES;

--
-- Table structure for table `django_migrations`
--

DROP TABLE IF EXISTS `django_migrations`;
/*!40101 SET @saved_cs_client     = @@character_set_client */;
/*!50503 SET character_set_client = utf8mb4 */;
CREATE TABLE `django_migrations` (
  `id` int NOT NULL AUTO_INCREMENT,
  `app` varchar(255) NOT NULL,
  `name` varchar(255) NOT NULL,
  `applied` datetime(6) NOT NULL,
  PRIMARY KEY (`id`)
) ENGINE=InnoDB AUTO_INCREMENT=35 DEFAULT CHARSET=utf8;
/*!40101 SET character_set_client = @saved_cs_client */;

--
-- Dumping data for table `django_migrations`
--

LOCK TABLES `django_migrations` WRITE;
/*!40000 ALTER TABLE `django_migrations` DISABLE KEYS */;
INSERT INTO `django_migrations` VALUES (1,'contenttypes','0001_initial','2020-03-13 17:25:36.431798'),(2,'auth','0001_initial','2020-03-13 17:25:36.716000'),(3,'admin','0001_initial','2020-03-13 17:25:37.424899'),(4,'admin','0002_logentry_remove_auto_add','2020-03-13 17:25:37.626602'),(5,'admin','0003_logentry_add_action_flag_choices','2020-03-13 17:25:37.711821'),(6,'contenttypes','0002_remove_content_type_name','2020-03-13 17:25:37.909455'),(7,'auth','0002_alter_permission_name_max_length','2020-03-13 17:25:38.000459'),(8,'auth','0003_alter_user_email_max_length','2020-03-13 17:25:38.109775'),(9,'auth','0004_alter_user_username_opts','2020-03-13 17:25:38.171807'),(10,'auth','0005_alter_user_last_login_null','2020-03-13 17:25:38.296458'),(11,'auth','0006_require_contenttypes_0002','2020-03-13 17:25:38.307025'),(12,'auth','0007_alter_validators_add_error_messages','2020-03-13 17:25:38.349086'),(13,'auth','0008_alter_user_username_max_length','2020-03-13 17:25:38.428533'),(14,'auth','0009_alter_user_last_name_max_length','2020-03-13 17:25:38.511062'),(15,'auth','0010_alter_group_name_max_length','2020-03-13 17:25:38.595809'),(16,'auth','0011_update_proxy_permissions','2020-03-13 17:25:38.622933'),(17,'meals','0001_initial','2020-03-13 17:25:38.788473'),(18,'meals','0002_meal_image','2020-03-13 17:25:39.013134'),(19,'meals','0003_auto_20190901_1714','2020-03-13 17:25:39.036461'),(20,'meals','0004_auto_20190902_0156','2020-03-13 17:25:39.193281'),(21,'meals','0005_remove_meal_details','2020-03-13 17:25:39.225237'),(22,'meals','0006_auto_20200120_2101','2020-03-13 17:25:39.236027'),(23,'carts','0001_initial','2020-03-13 17:25:39.326472'),(24,'carts','0002_cart_meals','2020-03-13 17:25:39.625566'),(25,'carts','0003_auto_20190901_1728','2020-03-13 17:25:39.830222'),(26,'carts','0004_auto_20200120_2101','2020-03-13 17:25:39.915225'),(27,'sessions','0001_initial','2020-03-13 17:25:40.098420'),(28,'users','0001_initial','2020-03-13 17:25:40.182606'),(29,'carts','0005_auto_20200412_0424','2020-05-01 20:26:43.060661'),(30,'carts','0006_auto_20200413_1942','2020-05-01 20:26:43.233661'),(31,'carts','0007_cart_yearweek','2020-05-01 20:26:43.321710'),(32,'meals','0007_auto_20200412_0424','2020-05-01 20:26:43.445216'),(33,'stores','0001_initial','2020-08-12 04:27:15.053038'),(34,'carts','0008_cart_details_found','2020-10-25 04:33:57.653631');
/*!40000 ALTER TABLE `django_migrations` ENABLE KEYS */;
UNLOCK TABLES;

--
-- Table structure for table `django_session`
--

DROP TABLE IF EXISTS `django_session`;
/*!40101 SET @saved_cs_client     = @@character_set_client */;
/*!50503 SET character_set_client = utf8mb4 */;
CREATE TABLE `django_session` (
  `session_key` varchar(40) NOT NULL,
  `session_data` longtext NOT NULL,
  `expire_date` datetime(6) NOT NULL,
  PRIMARY KEY (`session_key`),
  KEY `django_session_expire_date_a5c62663` (`expire_date`)
) ENGINE=InnoDB DEFAULT CHARSET=utf8;
/*!40101 SET character_set_client = @saved_cs_client */;

--
-- Dumping data for table `django_session`
--

LOCK TABLES `django_session` WRITE;
/*!40000 ALTER TABLE `django_session` DISABLE KEYS */;
INSERT INTO `django_session` VALUES ('005x5d054heduh6ogn7bb136mdbsdu4k','NDU2YzdhNDdmMTY3NDBkMDBkNzgxMWZmYzg2NDhiZDIxODRiMmQ3Njp7InNlbGVjdGVkX3dlZWsiOjN9','2020-09-28 17:46:55.255691'),('02dkfmfq2rm75jprsb9flnlaorsrdvc5','NDU2YzdhNDdmMTY3NDBkMDBkNzgxMWZmYzg2NDhiZDIxODRiMmQ3Njp7InNlbGVjdGVkX3dlZWsiOjN9','2020-07-24 08:06:38.306370'),('05qpvs90mv3d9wgr431d2768fl9s6lgr','NDU2YzdhNDdmMTY3NDBkMDBkNzgxMWZmYzg2NDhiZDIxODRiMmQ3Njp7InNlbGVjdGVkX3dlZWsiOjN9','2020-09-21 11:55:32.201199'),('06h3jz3fmf7hfxxkpsletxk6tjd4q56p','NDU2YzdhNDdmMTY3NDBkMDBkNzgxMWZmYzg2NDhiZDIxODRiMmQ3Njp7InNlbGVjdGVkX3dlZWsiOjN9','2020-11-19 20:39:04.527984'),('08p8rmgiyi22bqsw8hglgfpr57b24u41','NDU2YzdhNDdmMTY3NDBkMDBkNzgxMWZmYzg2NDhiZDIxODRiMmQ3Njp7InNlbGVjdGVkX3dlZWsiOjN9','2020-10-13 05:03:11.052392'),('0bfnnuqz47d7vul6jcen9yh44jyvh495','NDU2YzdhNDdmMTY3NDBkMDBkNzgxMWZmYzg2NDhiZDIxODRiMmQ3Njp7InNlbGVjdGVkX3dlZWsiOjN9','2020-11-14 15:14:16.730986'),('0cd1e1j76e5wbby3644c8cwxcgqppphl','NDU2YzdhNDdmMTY3NDBkMDBkNzgxMWZmYzg2NDhiZDIxODRiMmQ3Njp7InNlbGVjdGVkX3dlZWsiOjN9','2020-10-27 22:33:53.997529'),('0clt46tniepzh2mcwep43zmyxhw631yf','NDU2YzdhNDdmMTY3NDBkMDBkNzgxMWZmYzg2NDhiZDIxODRiMmQ3Njp7InNlbGVjdGVkX3dlZWsiOjN9','2020-09-02 09:30:46.480814'),('0e4co2k79lz1yt2o7bti3ypqdv8eb370','NDU2YzdhNDdmMTY3NDBkMDBkNzgxMWZmYzg2NDhiZDIxODRiMmQ3Njp7InNlbGVjdGVkX3dlZWsiOjN9','2020-06-04 21:37:11.749327'),('0fm1jkfneuuumnrsfrzkms34g3ulegrm','NDU2YzdhNDdmMTY3NDBkMDBkNzgxMWZmYzg2NDhiZDIxODRiMmQ3Njp7InNlbGVjdGVkX3dlZWsiOjN9','2020-09-10 12:12:47.455009'),('0g32abilwpxwxss7p8ohcogvljgksnde','NDU2YzdhNDdmMTY3NDBkMDBkNzgxMWZmYzg2NDhiZDIxODRiMmQ3Njp7InNlbGVjdGVkX3dlZWsiOjN9','2020-06-20 11:19:28.596048'),('0iwwkt76ew4jukrkypm621ne8zjioz0o','NDU2YzdhNDdmMTY3NDBkMDBkNzgxMWZmYzg2NDhiZDIxODRiMmQ3Njp7InNlbGVjdGVkX3dlZWsiOjN9','2020-10-01 02:30:12.316701'),('0jw2isj02155qmi3m42w68mvnhjr5utf','NzJhOTVmM2JlNTViODVkN2M1NjYxYTk5Y2U5NjNlZDM0ZGQzMDU1MDp7InNlbGVjdGVkX3dlZWsiOjMsImNhcnRfaWQiOjMxLCJpdGVtc190b3RhbCI6N30=','2020-09-29 06:42:24.696175'),('0lh8hfe46382wgl14d27ub8ykgdjpp09','NDU2YzdhNDdmMTY3NDBkMDBkNzgxMWZmYzg2NDhiZDIxODRiMmQ3Njp7InNlbGVjdGVkX3dlZWsiOjN9','2020-11-12 22:34:25.705733'),('0loy1j6tjv3qccch3xotfsdmubahs3kf','NDU2YzdhNDdmMTY3NDBkMDBkNzgxMWZmYzg2NDhiZDIxODRiMmQ3Njp7InNlbGVjdGVkX3dlZWsiOjN9','2020-10-24 12:16:45.705570'),('0plt7x1efe16lwna0bibiz5nbs1hqwqu','NDU2YzdhNDdmMTY3NDBkMDBkNzgxMWZmYzg2NDhiZDIxODRiMmQ3Njp7InNlbGVjdGVkX3dlZWsiOjN9','2020-09-06 03:46:50.779774'),('0r0j8zlvbbdfd6cgcqkfxccwjh9ad95u','NDU2YzdhNDdmMTY3NDBkMDBkNzgxMWZmYzg2NDhiZDIxODRiMmQ3Njp7InNlbGVjdGVkX3dlZWsiOjN9','2020-07-01 18:13:58.461270'),('0swy28li85dgnjne8gz5z44jnyxw2r0x','NDU2YzdhNDdmMTY3NDBkMDBkNzgxMWZmYzg2NDhiZDIxODRiMmQ3Njp7InNlbGVjdGVkX3dlZWsiOjN9','2020-12-08 03:34:52.906095'),('0tpvdridcr1ht7qev82menwppkw1oxtr','NDU2YzdhNDdmMTY3NDBkMDBkNzgxMWZmYzg2NDhiZDIxODRiMmQ3Njp7InNlbGVjdGVkX3dlZWsiOjN9','2020-07-24 12:16:27.993470'),('0tydrm7kq66gllt5pszij4nfwz87ge5u','NDU2YzdhNDdmMTY3NDBkMDBkNzgxMWZmYzg2NDhiZDIxODRiMmQ3Njp7InNlbGVjdGVkX3dlZWsiOjN9','2020-10-17 13:32:00.551323'),('0v05umc4xw7850nnccegqiown9dajsbz','NDU2YzdhNDdmMTY3NDBkMDBkNzgxMWZmYzg2NDhiZDIxODRiMmQ3Njp7InNlbGVjdGVkX3dlZWsiOjN9','2020-10-11 05:24:46.155735'),('0vkch56885xw8r9l1889hjrkhqj0us9y','NDU2YzdhNDdmMTY3NDBkMDBkNzgxMWZmYzg2NDhiZDIxODRiMmQ3Njp7InNlbGVjdGVkX3dlZWsiOjN9','2020-07-22 05:07:52.343193'),('0wr0bxi1dzfgwhh3kec3d3tn53ng77sx','NDU2YzdhNDdmMTY3NDBkMDBkNzgxMWZmYzg2NDhiZDIxODRiMmQ3Njp7InNlbGVjdGVkX3dlZWsiOjN9','2020-11-29 19:03:01.444597'),('0xuwcmjp392f95t69ft3tbpxmtnq46yt','NDU2YzdhNDdmMTY3NDBkMDBkNzgxMWZmYzg2NDhiZDIxODRiMmQ3Njp7InNlbGVjdGVkX3dlZWsiOjN9','2020-10-18 05:43:04.128627'),('0xxyacgzd704degg2c2j2w1yw867ua0l','NDU2YzdhNDdmMTY3NDBkMDBkNzgxMWZmYzg2NDhiZDIxODRiMmQ3Njp7InNlbGVjdGVkX3dlZWsiOjN9','2020-08-05 15:06:36.333840'),('0y0mup2k1hew6bun5fwjd3n92j25bzd7','MmZkOWRjMjVjMDQ2ODYzNWEyOGJiYjNmNmNmMzQ4OTlmZjQyNWI1YTp7InNlbGVjdGVkX3dlZWsiOjYsImNhcnRfaWQiOjE5LCJpdGVtc190b3RhbCI6MH0=','2020-06-16 18:38:56.215422'),('0y2lneexyr21t39cxy52fuz3lh0c9yjp','NzJhOTVmM2JlNTViODVkN2M1NjYxYTk5Y2U5NjNlZDM0ZGQzMDU1MDp7InNlbGVjdGVkX3dlZWsiOjMsImNhcnRfaWQiOjMxLCJpdGVtc190b3RhbCI6N30=','2020-09-30 20:25:48.768451'),('100h2863418b1dj88g6ma7b1m9fw93nr','NDU2YzdhNDdmMTY3NDBkMDBkNzgxMWZmYzg2NDhiZDIxODRiMmQ3Njp7InNlbGVjdGVkX3dlZWsiOjN9','2020-09-15 04:39:48.166864'),('10yzjum3n6awul3utjfrf08h4cn2k6ih','NDU2YzdhNDdmMTY3NDBkMDBkNzgxMWZmYzg2NDhiZDIxODRiMmQ3Njp7InNlbGVjdGVkX3dlZWsiOjN9','2020-09-05 00:58:20.620079'),('14zpayh11hr1fbtz5p71lcjnl95rm0aa','NDU2YzdhNDdmMTY3NDBkMDBkNzgxMWZmYzg2NDhiZDIxODRiMmQ3Njp7InNlbGVjdGVkX3dlZWsiOjN9','2020-07-29 16:39:24.880037'),('16ydxld23bdygf9l78ad45lo1awq5a9t','NDU2YzdhNDdmMTY3NDBkMDBkNzgxMWZmYzg2NDhiZDIxODRiMmQ3Njp7InNlbGVjdGVkX3dlZWsiOjN9','2020-10-17 08:48:53.354792'),('18pov74bg7ls6lc3kyyox6bdj00cpbwv','NDU2YzdhNDdmMTY3NDBkMDBkNzgxMWZmYzg2NDhiZDIxODRiMmQ3Njp7InNlbGVjdGVkX3dlZWsiOjN9','2020-09-28 10:21:05.458774'),('19gonxg80ctmwuy4vverrhsepty8knvc','NDU2YzdhNDdmMTY3NDBkMDBkNzgxMWZmYzg2NDhiZDIxODRiMmQ3Njp7InNlbGVjdGVkX3dlZWsiOjN9','2020-08-07 05:07:40.304536'),('1bk5vfooj61v1dmafblpu60a36jjleo1','NTQ4NjY5ZTBjNDMxNjA4ZTljMDA3OGUwYmU0NzNmYjVlNDdlOTFjMDp7InNlbGVjdGVkX3dlZWsiOjMsImNhcnRfaWQiOjI2LCJpdGVtc190b3RhbCI6OSwiX2F1dGhfdXNlcl9pZCI6IjEiLCJfYXV0aF91c2VyX2JhY2tlbmQiOiJkamFuZ28uY29udHJpYi5hdXRoLmJhY2tlbmRzLk1vZGVsQmFja2VuZCIsIl9hdXRoX3VzZXJfaGFzaCI6ImI3YWFlN2QyYjYwM2EyMWVjNTc1YmJmNTBjNGFkMjI4ZjNhNDkwMzEifQ==','2020-08-26 05:31:17.047066'),('1cbf8mgnwrdesr9jdsgztlxlzn51bc78','NDU2YzdhNDdmMTY3NDBkMDBkNzgxMWZmYzg2NDhiZDIxODRiMmQ3Njp7InNlbGVjdGVkX3dlZWsiOjN9','2020-09-04 17:17:14.114108'),('1ctixvwmfj65v5xa7frytsre08lshx1o','YWJkOWZkOGRlMjEzZTUzMzhiYzI1OWFlMDBlMzgzYjcwYTY3NzMyMTp7InNlbGVjdGVkX3dlZWsiOjQsImNhcnRfaWQiOjM3LCJpdGVtc190b3RhbCI6MH0=','2020-11-13 21:44:57.586527'),('1j0vu6d7so5kkncf9k6gcti4ie0swuby','NDU2YzdhNDdmMTY3NDBkMDBkNzgxMWZmYzg2NDhiZDIxODRiMmQ3Njp7InNlbGVjdGVkX3dlZWsiOjN9','2020-10-31 22:21:20.773405'),('1k5p9qxhrh4ie1662g5yrszsi3tyszly','NDU2YzdhNDdmMTY3NDBkMDBkNzgxMWZmYzg2NDhiZDIxODRiMmQ3Njp7InNlbGVjdGVkX3dlZWsiOjN9','2020-07-07 04:11:46.967310'),('1kk8wq9jlz450egvug1xyc8uf7kt36x6','NDU2YzdhNDdmMTY3NDBkMDBkNzgxMWZmYzg2NDhiZDIxODRiMmQ3Njp7InNlbGVjdGVkX3dlZWsiOjN9','2020-10-17 23:40:22.732690'),('1kzvdryv03llcgwwz0e76wn11lhkrqtv','MTJmY2M5ZjJlYWVlNGZhZGY0MGEyNWQ0ZDE4ZjNhOWU4ZWNhMWM1Nzp7InNlbGVjdGVkX3dlZWsiOjQsImNhcnRfaWQiOjE3LCJpdGVtc190b3RhbCI6MH0=','2020-06-16 18:00:16.660971'),('1orrfvltdsgzv505j3rbyqj105459dg1','NDU2YzdhNDdmMTY3NDBkMDBkNzgxMWZmYzg2NDhiZDIxODRiMmQ3Njp7InNlbGVjdGVkX3dlZWsiOjN9','2020-07-09 16:18:25.939008'),('1taotkc4nqpc1wzaswhojmg4znlhnj0c','NDA4OGFiYTYxNDliZmEzZTI4MTM3ODIzNjgxNWIwNGE3ODg4NjM3Yjp7InNlbGVjdGVkX3dlZWsiOjMsIl9hdXRoX3VzZXJfaWQiOiIxIiwiX2F1dGhfdXNlcl9iYWNrZW5kIjoiZGphbmdvLmNvbnRyaWIuYXV0aC5iYWNrZW5kcy5Nb2RlbEJhY2tlbmQiLCJfYXV0aF91c2VyX2hhc2giOiJiN2FhZTdkMmI2MDNhMjFlYzU3NWJiZjUwYzRhZDIyOGYzYTQ5MDMxIiwiY2FydF9pZCI6MzksIml0ZW1zX3RvdGFsIjoyNCwiaGlkZV9mb3VuZCI6dHJ1ZX0=','2020-12-02 22:57:58.767999'),('1wmq5aotva2yvt941t0jf42j5sb27qtn','NDU2YzdhNDdmMTY3NDBkMDBkNzgxMWZmYzg2NDhiZDIxODRiMmQ3Njp7InNlbGVjdGVkX3dlZWsiOjN9','2020-12-02 10:54:04.687494'),('1wzwlcu5l28hg3w1dmgdmig007lsgy23','NDU2YzdhNDdmMTY3NDBkMDBkNzgxMWZmYzg2NDhiZDIxODRiMmQ3Njp7InNlbGVjdGVkX3dlZWsiOjN9','2020-07-23 21:06:18.014659'),('1yoddry910d2dhxm11iiz6uihaqpspka','NDU2YzdhNDdmMTY3NDBkMDBkNzgxMWZmYzg2NDhiZDIxODRiMmQ3Njp7InNlbGVjdGVkX3dlZWsiOjN9','2020-11-05 02:38:15.456426'),('22r3fmfic0ynnqceavw5hzdj2ohnwe92','NDU2YzdhNDdmMTY3NDBkMDBkNzgxMWZmYzg2NDhiZDIxODRiMmQ3Njp7InNlbGVjdGVkX3dlZWsiOjN9','2020-06-28 02:00:33.792449'),('25pkxq8qxmarwcaxcs7sinmhum2khcp3','NDU2YzdhNDdmMTY3NDBkMDBkNzgxMWZmYzg2NDhiZDIxODRiMmQ3Njp7InNlbGVjdGVkX3dlZWsiOjN9','2020-09-14 05:54:52.518560'),('26drf3p0b47ov3tg2h6iqqe4hjnlthfa','YTAyNDQyZTMyNjc4N2UyZDc0NTI4NzFhZDA5MDNmYzVjMDI3NmRiMjp7InNlbGVjdGVkX3dlZWsiOjIsImNhcnRfaWQiOjQwLCJpdGVtc190b3RhbCI6Mjh9','2020-12-05 05:20:32.354653'),('26n85a2fd7616cluujqksmjiasltkzb0','NmE2M2Y3MzA3NWIzNjUxMTYxMGU3YTBhYjk5YmE4NmQyZDIyZGZkMzp7InNlbGVjdGVkX3dlZWsiOjMsImNhcnRfaWQiOjM1LCJpdGVtc190b3RhbCI6MH0=','2020-10-26 02:35:31.279625'),('26r5goo37az0vmtjg5zzwglsnarnztuz','ODQ4Y2I4ZGIwYTA2ZTI4NThkOTA0NTgyNmFlN2IyNzRiN2ZjYjdlMDp7InNlbGVjdGVkX3dlZWsiOjQsImNhcnRfaWQiOjM0LCJpdGVtc190b3RhbCI6MH0=','2020-10-18 18:16:17.227145'),('27b0q0o5u60t2mrkaao8gc1d70iovnmk','ZjAyZWE4NWFmYWFmYzY4OTkxZWQ5NzM2NTYyNjQzNWU3NzRkYWJiZDp7InNlbGVjdGVkX3dlZWsiOjEsImNhcnRfaWQiOjQwLCJpdGVtc190b3RhbCI6Mjh9','2020-12-08 21:08:56.667575'),('27o2zpb18c8yu93x4war40j3dy1qfc4u','MmQ1NjkzYjNjNTUwMDc4MzYyNWZmNmViYzJhNmYzOWQ1OWE0ODExMTp7InNlbGVjdGVkX3dlZWsiOjAsImNhcnRfaWQiOjE5LCJpdGVtc190b3RhbCI6MjR9','2020-08-01 16:00:37.855043'),('29psdr6zabc9h6tv19ek6lz9gyngoymx','NDU2YzdhNDdmMTY3NDBkMDBkNzgxMWZmYzg2NDhiZDIxODRiMmQ3Njp7InNlbGVjdGVkX3dlZWsiOjN9','2020-10-15 00:47:35.549196'),('2b7mfnqwg7mxgifx8m58zydxjfr23vjy','NDU2YzdhNDdmMTY3NDBkMDBkNzgxMWZmYzg2NDhiZDIxODRiMmQ3Njp7InNlbGVjdGVkX3dlZWsiOjN9','2020-08-20 00:23:14.840340'),('2blvb4sjv3c0txwtgspsubalofyici3q','MWM1ZmNmMjhhNWNlMWU0N2U2ZDZiYTUwMTE1M2EyNGM1YzNmYjM2Nzp7InNlbGVjdGVkX3dlZWsiOjEsImNhcnRfaWQiOjIxLCJpdGVtc190b3RhbCI6MH0=','2020-08-01 15:59:13.684977'),('2bxwtl4he20o0zzyondqgmzcm0w7ctny','NDU2YzdhNDdmMTY3NDBkMDBkNzgxMWZmYzg2NDhiZDIxODRiMmQ3Njp7InNlbGVjdGVkX3dlZWsiOjN9','2020-08-06 17:27:26.742090'),('2c7toj98er2ec7cmbffcbkynfwbu5qhf','NDU2YzdhNDdmMTY3NDBkMDBkNzgxMWZmYzg2NDhiZDIxODRiMmQ3Njp7InNlbGVjdGVkX3dlZWsiOjN9','2020-09-26 02:07:56.344339'),('2cshm0uewqv7xsuguix7imeypxbnhcp1','YmIwZjhiMTRlM2Q4M2IxMzcyNGRkNDc3OTQ3YmE0NzZjOWMzNWI1Nzp7InNlbGVjdGVkX3dlZWsiOjAsImNhcnRfaWQiOjEyLCJpdGVtc190b3RhbCI6MH0=','2020-06-16 18:35:23.292813'),('2dh0wp5m17qww7g9iwb9trwcdx04e51o','NDU2YzdhNDdmMTY3NDBkMDBkNzgxMWZmYzg2NDhiZDIxODRiMmQ3Njp7InNlbGVjdGVkX3dlZWsiOjN9','2020-05-23 21:33:17.460175'),('2g9ldup7jgwtbtd1dgq53liiaynnccad','NDU2YzdhNDdmMTY3NDBkMDBkNzgxMWZmYzg2NDhiZDIxODRiMmQ3Njp7InNlbGVjdGVkX3dlZWsiOjN9','2020-07-04 18:43:07.603539'),('2hq433pg2o71vac7awtud1hjjr0a71no','NDU2YzdhNDdmMTY3NDBkMDBkNzgxMWZmYzg2NDhiZDIxODRiMmQ3Njp7InNlbGVjdGVkX3dlZWsiOjN9','2020-10-08 09:55:49.486697'),('2nrg8mh7xmcd9r4kpcv2j5c2qoirnah8','NjA5OGY5ZTFkN2RhMWZmYzZhODc5NDg5YzM0MTY4YzA2ZGJhMzcxZDp7InNlbGVjdGVkX3dlZWsiOjYsImNhcnRfaWQiOjIyLCJpdGVtc190b3RhbCI6MH0=','2020-07-06 13:24:48.521032'),('2r2fcda66g19xi1ze70qb2rlu9dhssf9','NDU2YzdhNDdmMTY3NDBkMDBkNzgxMWZmYzg2NDhiZDIxODRiMmQ3Njp7InNlbGVjdGVkX3dlZWsiOjN9','2020-10-01 11:47:41.478300'),('2uwskyzr24b7rjkvex3qozxtihav98ry','NDU2YzdhNDdmMTY3NDBkMDBkNzgxMWZmYzg2NDhiZDIxODRiMmQ3Njp7InNlbGVjdGVkX3dlZWsiOjN9','2020-10-26 05:44:17.336185'),('2v2mavalls8wg0uoo7pbhi4n64d63gq6','NDU2YzdhNDdmMTY3NDBkMDBkNzgxMWZmYzg2NDhiZDIxODRiMmQ3Njp7InNlbGVjdGVkX3dlZWsiOjN9','2020-07-05 03:56:22.194540'),('2vci6prfx34rc3nevro5yf8aqhxf2f8k','MjEwMjBmYzY1M2Q0MjNmYzgxYzE0MjM3MzVhY2JmNjY3YzYzMWIxZDp7InNlbGVjdGVkX3dlZWsiOjYsImNhcnRfaWQiOjM0LCJpdGVtc190b3RhbCI6MH0=','2020-09-30 20:25:44.889147'),('2w2sae1x8xyvmp4yteu57qgvh2kw38gl','ZDAyZTU1NDIwNDA5OWExMmRiZmRkMDc2MTBiYTY2MGE4NmY0YTFlNjp7InNlbGVjdGVkX3dlZWsiOjIsImNhcnRfaWQiOjMyLCJpdGVtc190b3RhbCI6Mjh9','2020-10-13 21:13:06.315166'),('2y0hwggd91emrm34r3wxg0zgh6pz91v9','NDU2YzdhNDdmMTY3NDBkMDBkNzgxMWZmYzg2NDhiZDIxODRiMmQ3Njp7InNlbGVjdGVkX3dlZWsiOjN9','2020-12-01 11:27:23.044016'),('2yoc4z5vv4nz8md2bhvpw47pak3pr3pi','NDU2YzdhNDdmMTY3NDBkMDBkNzgxMWZmYzg2NDhiZDIxODRiMmQ3Njp7InNlbGVjdGVkX3dlZWsiOjN9','2020-10-25 22:05:26.976465'),('32w43v93v9fe5kussg0up4msih0vg08a','NDU2YzdhNDdmMTY3NDBkMDBkNzgxMWZmYzg2NDhiZDIxODRiMmQ3Njp7InNlbGVjdGVkX3dlZWsiOjN9','2020-08-02 19:17:11.207118'),('32wvz7hn0sxm8ahw7lg6xildtcwzes6w','NDU2YzdhNDdmMTY3NDBkMDBkNzgxMWZmYzg2NDhiZDIxODRiMmQ3Njp7InNlbGVjdGVkX3dlZWsiOjN9','2020-11-12 21:13:25.780515'),('35wth83agandci8uyt7ett9myudttfow','NDU2YzdhNDdmMTY3NDBkMDBkNzgxMWZmYzg2NDhiZDIxODRiMmQ3Njp7InNlbGVjdGVkX3dlZWsiOjN9','2020-10-27 20:18:40.533714'),('37kxx6j2q5cu15mic7fdqaa03c2npm18','NDU2YzdhNDdmMTY3NDBkMDBkNzgxMWZmYzg2NDhiZDIxODRiMmQ3Njp7InNlbGVjdGVkX3dlZWsiOjN9','2020-10-02 18:21:47.830895'),('38i674yi3q4b8si22up4zjnj63lpv8bc','ZTIwZmIxNmJiMWIxZjFkYWI1N2I5ZDU2ZjM4OWZkNmIzODM1OTI1MTp7InNlbGVjdGVkX3dlZWsiOjEsImNhcnRfaWQiOjI5LCJpdGVtc190b3RhbCI6MzF9','2020-09-30 20:25:46.670734'),('3bfqbk4s31mtuenk1kfecfvkvl138917','NDU2YzdhNDdmMTY3NDBkMDBkNzgxMWZmYzg2NDhiZDIxODRiMmQ3Njp7InNlbGVjdGVkX3dlZWsiOjN9','2020-07-26 23:19:24.990267'),('3ctsv6xw6u4quxsydw9x8acnjdg5zfs4','NDU2YzdhNDdmMTY3NDBkMDBkNzgxMWZmYzg2NDhiZDIxODRiMmQ3Njp7InNlbGVjdGVkX3dlZWsiOjN9','2020-08-31 10:01:58.317342'),('3f01srgwub71jax9icxrjbywr5ko2bwu','NDU2YzdhNDdmMTY3NDBkMDBkNzgxMWZmYzg2NDhiZDIxODRiMmQ3Njp7InNlbGVjdGVkX3dlZWsiOjN9','2020-11-28 05:01:06.308969'),('3ft24rawgghv81ob59x1yjpqij4z2xpz','NDU2YzdhNDdmMTY3NDBkMDBkNzgxMWZmYzg2NDhiZDIxODRiMmQ3Njp7InNlbGVjdGVkX3dlZWsiOjN9','2020-10-28 01:29:11.106911'),('3h96ky71puszckscpdbe4ltggdb0renl','NDU2YzdhNDdmMTY3NDBkMDBkNzgxMWZmYzg2NDhiZDIxODRiMmQ3Njp7InNlbGVjdGVkX3dlZWsiOjN9','2020-09-05 05:45:43.724639'),('3hcxcdb4lpuo4pcoma3qxrkuctqpsxv2','MjEwMjBmYzY1M2Q0MjNmYzgxYzE0MjM3MzVhY2JmNjY3YzYzMWIxZDp7InNlbGVjdGVkX3dlZWsiOjYsImNhcnRfaWQiOjM0LCJpdGVtc190b3RhbCI6MH0=','2020-10-02 18:21:46.202660'),('3jigg5r82x3c0b4q79lsv248kwxmx3m1','NDU2YzdhNDdmMTY3NDBkMDBkNzgxMWZmYzg2NDhiZDIxODRiMmQ3Njp7InNlbGVjdGVkX3dlZWsiOjN9','2020-10-23 18:36:10.166020'),('3k4n1t2o8p2goshxyn2mdkp0yoj2p5db','NDU2YzdhNDdmMTY3NDBkMDBkNzgxMWZmYzg2NDhiZDIxODRiMmQ3Njp7InNlbGVjdGVkX3dlZWsiOjN9','2020-06-15 03:16:18.663202'),('3k60w97hnbre9dilel0z10x0uyv8md2g','NDU2YzdhNDdmMTY3NDBkMDBkNzgxMWZmYzg2NDhiZDIxODRiMmQ3Njp7InNlbGVjdGVkX3dlZWsiOjN9','2020-09-11 19:19:18.491779'),('3otsqrgnsd44fd7hpdcdoib85gvgryd1','NDU2YzdhNDdmMTY3NDBkMDBkNzgxMWZmYzg2NDhiZDIxODRiMmQ3Njp7InNlbGVjdGVkX3dlZWsiOjN9','2020-11-12 21:14:10.363336'),('3pb3ahorlpqv9hd0ye2qcirs1h1xht0z','YTcyOTA0OWI1NTg2ZWFhMGQ3MmQ1MzAzZGUwY2M0NDAzNzRlMmI3MTp7InNlbGVjdGVkX3dlZWsiOjYsImNhcnRfaWQiOjI1LCJpdGVtc190b3RhbCI6MH0=','2020-08-01 16:09:36.102871'),('3prapvzyavi74fjy9sfm1knd6t6zsyhs','ODBjMzY3OTM1OWZlYjE1MmRhYzk0NGI0NWMxM2NlNzVlODFlMDVmMjp7InNlbGVjdGVkX3dlZWsiOjIsImNhcnRfaWQiOjMzLCJpdGVtc190b3RhbCI6MjR9','2020-10-23 17:47:44.020387'),('3pyadb1cubgtoox2zp9b508fljw3lth5','NDU2YzdhNDdmMTY3NDBkMDBkNzgxMWZmYzg2NDhiZDIxODRiMmQ3Njp7InNlbGVjdGVkX3dlZWsiOjN9','2020-12-08 05:36:00.353338'),('3qrkttttp8121ow8y4t38cfnpg1ezn2j','NDU2YzdhNDdmMTY3NDBkMDBkNzgxMWZmYzg2NDhiZDIxODRiMmQ3Njp7InNlbGVjdGVkX3dlZWsiOjN9','2020-09-28 00:41:46.323328'),('3rh6scx1jfcp3lmm2x906i1irp7x2o1n','ZTdkZTlmNDI1ZTQwYjhmMmQyMzA4OGIyNTMxNDRlOGE1YzNhOTcwOTp7InNlbGVjdGVkX3dlZWsiOjUsImNhcnRfaWQiOjMwLCJpdGVtc190b3RhbCI6MH0=','2020-09-10 15:54:33.430380'),('3vfze7l76x1axtteejcdhfj5hxnll221','NDU2YzdhNDdmMTY3NDBkMDBkNzgxMWZmYzg2NDhiZDIxODRiMmQ3Njp7InNlbGVjdGVkX3dlZWsiOjN9','2020-11-01 21:44:02.736304'),('3wirckm3y1nvmpwjqbvfhavw6yvfp8f6','NDU2YzdhNDdmMTY3NDBkMDBkNzgxMWZmYzg2NDhiZDIxODRiMmQ3Njp7InNlbGVjdGVkX3dlZWsiOjN9','2020-07-05 10:35:22.649833'),('3z2fri36nkegqbop7zstj31uhlpypq4z','NDU2YzdhNDdmMTY3NDBkMDBkNzgxMWZmYzg2NDhiZDIxODRiMmQ3Njp7InNlbGVjdGVkX3dlZWsiOjN9','2020-07-01 19:44:49.960194'),('3zbg3loxkqztgfgk5m1tl4rufde7fboi','NDU2YzdhNDdmMTY3NDBkMDBkNzgxMWZmYzg2NDhiZDIxODRiMmQ3Njp7InNlbGVjdGVkX3dlZWsiOjN9','2020-09-22 20:47:46.077923'),('41wybgyah0ummbicji8c7uhh4qraty9m','YTkzZDdhMWU0YTE0ZjYyY2I5NGMyZDFkNTU0NGFkZDdkODI0YmI0MTp7InNlbGVjdGVkX3dlZWsiOjMsImNhcnRfaWQiOjM1LCJpdGVtc190b3RhbCI6MjR9','2020-10-29 08:33:45.303218'),('423udb0b7x2ml2iyai4obf1f1b0k7444','NDU2YzdhNDdmMTY3NDBkMDBkNzgxMWZmYzg2NDhiZDIxODRiMmQ3Njp7InNlbGVjdGVkX3dlZWsiOjN9','2020-08-31 17:39:08.401519'),('42vwlp28jrpepsn5ztudwoq2g8xhuz3p','NDU2YzdhNDdmMTY3NDBkMDBkNzgxMWZmYzg2NDhiZDIxODRiMmQ3Njp7InNlbGVjdGVkX3dlZWsiOjN9','2020-10-02 04:21:38.912709'),('46hrs1rmkijqaikekh2o1rl64j0aapcn','NDU2YzdhNDdmMTY3NDBkMDBkNzgxMWZmYzg2NDhiZDIxODRiMmQ3Njp7InNlbGVjdGVkX3dlZWsiOjN9','2020-11-27 12:15:27.114978'),('47k5mv1f0pk27mg5xl949tinxqqt36kt','NDU2YzdhNDdmMTY3NDBkMDBkNzgxMWZmYzg2NDhiZDIxODRiMmQ3Njp7InNlbGVjdGVkX3dlZWsiOjN9','2020-07-29 17:31:45.569010'),('48dla9jd5js5sdyqc8d68tdw1eycwoy3','NDU2YzdhNDdmMTY3NDBkMDBkNzgxMWZmYzg2NDhiZDIxODRiMmQ3Njp7InNlbGVjdGVkX3dlZWsiOjN9','2020-08-23 21:44:55.421339'),('49beug8kl14yo7ys3p1scwz3terx9b3e','NDU2YzdhNDdmMTY3NDBkMDBkNzgxMWZmYzg2NDhiZDIxODRiMmQ3Njp7InNlbGVjdGVkX3dlZWsiOjN9','2020-11-22 23:36:14.200494'),('49y6d7uvgmht70p4vr7qnc6ph5yl7js5','Y2NlOGFjMzNjMjM4MWM3MzdjY2IyNTI5MzI0NGRiNGIwMjUyY2M0ODp7InNlbGVjdGVkX3dlZWsiOjAsImNhcnRfaWQiOjI1LCJpdGVtc190b3RhbCI6Mjh9','2020-09-12 01:19:50.052195'),('4c1gpozgx1rzxwnobfy2z1gv2wn9zh7c','NDU2YzdhNDdmMTY3NDBkMDBkNzgxMWZmYzg2NDhiZDIxODRiMmQ3Njp7InNlbGVjdGVkX3dlZWsiOjN9','2020-10-27 03:23:18.099848'),('4eytu4nxle3c0wwidb63m96la61h4ex3','ZTIwZmIxNmJiMWIxZjFkYWI1N2I5ZDU2ZjM4OWZkNmIzODM1OTI1MTp7InNlbGVjdGVkX3dlZWsiOjEsImNhcnRfaWQiOjI5LCJpdGVtc190b3RhbCI6MzF9','2020-09-29 13:06:29.974297'),('4fsk2iv363ry16kllj23tfmfhi3mcds5','NDU2YzdhNDdmMTY3NDBkMDBkNzgxMWZmYzg2NDhiZDIxODRiMmQ3Njp7InNlbGVjdGVkX3dlZWsiOjN9','2020-11-26 12:38:18.820983'),('4hqqenui3p8zsyzt839h7d4p9nbhdylm','NWE1MDJhZDkzYWYyODg5OGZjMDFmZTFkMDA4ODRlZjQ0MjVjZDY0Mjp7InNlbGVjdGVkX3dlZWsiOjIsImNhcnRfaWQiOjI2LCJpdGVtc190b3RhbCI6Mjh9','2020-09-05 12:01:07.592047'),('4j3ghgdjx3gdg9lyerdseg3gdq1xzthg','NDU2YzdhNDdmMTY3NDBkMDBkNzgxMWZmYzg2NDhiZDIxODRiMmQ3Njp7InNlbGVjdGVkX3dlZWsiOjN9','2020-09-01 06:10:14.196877'),('4jhuc9rnipc7bp78mo3tdumx2996vljw','NDU2YzdhNDdmMTY3NDBkMDBkNzgxMWZmYzg2NDhiZDIxODRiMmQ3Njp7InNlbGVjdGVkX3dlZWsiOjN9','2020-10-25 05:24:36.068175'),('4jokqnff1ciz9g3qxbs6zhgu3nlzkwjc','NDU2YzdhNDdmMTY3NDBkMDBkNzgxMWZmYzg2NDhiZDIxODRiMmQ3Njp7InNlbGVjdGVkX3dlZWsiOjN9','2020-07-26 00:38:59.316485'),('4kqqcq92nx788ewzk0nsy57fvyejz2jn','NDU2YzdhNDdmMTY3NDBkMDBkNzgxMWZmYzg2NDhiZDIxODRiMmQ3Njp7InNlbGVjdGVkX3dlZWsiOjN9','2020-08-03 00:47:48.306376'),('4lm7nud5ez3z0u0nyjqwteti8ji6cldx','NDU2YzdhNDdmMTY3NDBkMDBkNzgxMWZmYzg2NDhiZDIxODRiMmQ3Njp7InNlbGVjdGVkX3dlZWsiOjN9','2020-09-25 07:27:15.996484'),('4m7iu3x9srkx74wqoyghqws15oku1e56','NDU2YzdhNDdmMTY3NDBkMDBkNzgxMWZmYzg2NDhiZDIxODRiMmQ3Njp7InNlbGVjdGVkX3dlZWsiOjN9','2020-12-05 11:18:00.769181'),('4m8jk9qsc0p7k9fwvs27ygdfsnf9aycs','YmRkZWM1NWI4Yjc5YjBmZWYxNDI5N2NjODU1NDY2MDY4OGVjMTgzMzp7InNlbGVjdGVkX3dlZWsiOjMsIl9hdXRoX3VzZXJfaWQiOiIxIiwiX2F1dGhfdXNlcl9iYWNrZW5kIjoiZGphbmdvLmNvbnRyaWIuYXV0aC5iYWNrZW5kcy5Nb2RlbEJhY2tlbmQiLCJfYXV0aF91c2VyX2hhc2giOiJiN2FhZTdkMmI2MDNhMjFlYzU3NWJiZjUwYzRhZDIyOGYzYTQ5MDMxIiwiY2FydF9pZCI6MTAsIml0ZW1zX3RvdGFsIjoyMn0=','2020-05-23 20:28:07.841947'),('4naxs73a7m1g4yh8brntgn3pqpblvp73','NDU2YzdhNDdmMTY3NDBkMDBkNzgxMWZmYzg2NDhiZDIxODRiMmQ3Njp7InNlbGVjdGVkX3dlZWsiOjN9','2020-12-06 11:09:32.279197'),('4noucb4g1fe6oyqxa80de0m3855tx2p0','Y2YwNmMzMWMwOGEzYjYzMTMwZDAzZDJlMTRkMDY5NTI3ZjAyMjc3Njp7InNlbGVjdGVkX3dlZWsiOjAsImNhcnRfaWQiOjMwLCJpdGVtc190b3RhbCI6MzF9','2020-10-13 05:03:09.541472'),('4qh7pnwjdj8iw79ocyrsz61xs96fnel4','NDU2YzdhNDdmMTY3NDBkMDBkNzgxMWZmYzg2NDhiZDIxODRiMmQ3Njp7InNlbGVjdGVkX3dlZWsiOjN9','2020-07-31 19:10:09.885944'),('4r4x38agz39uxttzkhqgm8ce3cfnar8f','MGU3MTZhZGUzZjY5NDMzN2JjZjc0ZjU1M2E3NTkxZWNjY2MwMDZlZDp7InNlbGVjdGVkX3dlZWsiOjMsImNhcnRfaWQiOjQwLCJpdGVtc190b3RhbCI6Mjh9','2020-11-27 13:06:53.669549'),('4rk7b3mjuhn13gpeyuil4vfjzbk4fmjb','NDU2YzdhNDdmMTY3NDBkMDBkNzgxMWZmYzg2NDhiZDIxODRiMmQ3Njp7InNlbGVjdGVkX3dlZWsiOjN9','2020-07-01 14:35:22.920360'),('4swa5ndyj5vy0dzmrlx2vt7qy9uut0zq','YjJmNjk3MTRhNzA4NzQ2YTQ0MjM5N2RkZGMxODk5NTEzYzdhM2RmZTp7InNlbGVjdGVkX3dlZWsiOjEsImNhcnRfaWQiOjIzLCJpdGVtc190b3RhbCI6Mjh9','2020-08-17 18:58:46.777358'),('4udj51h5a8vg9isq4bk19m29s3crj942','NDU2YzdhNDdmMTY3NDBkMDBkNzgxMWZmYzg2NDhiZDIxODRiMmQ3Njp7InNlbGVjdGVkX3dlZWsiOjN9','2020-07-29 05:46:48.337679'),('4vq248to83fn9863c84e4bdf5m5s6vxh','NDU2YzdhNDdmMTY3NDBkMDBkNzgxMWZmYzg2NDhiZDIxODRiMmQ3Njp7InNlbGVjdGVkX3dlZWsiOjN9','2020-06-01 09:20:33.950632'),('4ye700234ju2l2mbexsz3hightxut8p6','NDU2YzdhNDdmMTY3NDBkMDBkNzgxMWZmYzg2NDhiZDIxODRiMmQ3Njp7InNlbGVjdGVkX3dlZWsiOjN9','2020-11-16 08:10:27.604432'),('4yhtvql78bwkxgyy8o8g5525fz5jsbmi','NDU2YzdhNDdmMTY3NDBkMDBkNzgxMWZmYzg2NDhiZDIxODRiMmQ3Njp7InNlbGVjdGVkX3dlZWsiOjN9','2020-10-02 19:33:19.755644'),('51n8bec0lc1kddcnd66mjp4mi2ferxxq','NDU2YzdhNDdmMTY3NDBkMDBkNzgxMWZmYzg2NDhiZDIxODRiMmQ3Njp7InNlbGVjdGVkX3dlZWsiOjN9','2020-07-29 16:39:18.260815'),('51raq1e1e6xzmme0qc1k17g6udy7jkwp','NDU2YzdhNDdmMTY3NDBkMDBkNzgxMWZmYzg2NDhiZDIxODRiMmQ3Njp7InNlbGVjdGVkX3dlZWsiOjN9','2020-08-18 00:39:48.906832'),('54bw1n3rrsbvfiyty0792uknbxlbtf7z','NDU2YzdhNDdmMTY3NDBkMDBkNzgxMWZmYzg2NDhiZDIxODRiMmQ3Njp7InNlbGVjdGVkX3dlZWsiOjN9','2020-07-07 19:16:33.771591'),('56rtgebafjzt7kpc1s66bi2l2osmk13z','NDU2YzdhNDdmMTY3NDBkMDBkNzgxMWZmYzg2NDhiZDIxODRiMmQ3Njp7InNlbGVjdGVkX3dlZWsiOjN9','2020-11-05 09:27:06.083695'),('5aaxi4yhdxthh468u12c07h8qtwjhun9','NDU2YzdhNDdmMTY3NDBkMDBkNzgxMWZmYzg2NDhiZDIxODRiMmQ3Njp7InNlbGVjdGVkX3dlZWsiOjN9','2020-12-08 04:04:31.036970'),('5cxhi8yd1z90cq5mj6cogh0q6j0u39dm','MGYzZjEyMjg2OGQxYWFjNmI1M2EzODBjNjAyODg3NmZhMDI4NTAwZDp7InNlbGVjdGVkX3dlZWsiOjMsImNhcnRfaWQiOjM4LCJpdGVtc190b3RhbCI6MjIsIl9hdXRoX3VzZXJfaWQiOiIxIiwiX2F1dGhfdXNlcl9iYWNrZW5kIjoiZGphbmdvLmNvbnRyaWIuYXV0aC5iYWNrZW5kcy5Nb2RlbEJhY2tlbmQiLCJfYXV0aF91c2VyX2hhc2giOiJiN2FhZTdkMmI2MDNhMjFlYzU3NWJiZjUwYzRhZDIyOGYzYTQ5MDMxIn0=','2020-11-04 05:49:00.799082'),('5dvprkg8nrw7ulytv08x4ixm81e3mict','NDU2YzdhNDdmMTY3NDBkMDBkNzgxMWZmYzg2NDhiZDIxODRiMmQ3Njp7InNlbGVjdGVkX3dlZWsiOjN9','2020-10-27 01:50:09.890617'),('5hhaotmic0375azcme677xfdj75pxw0g','NDU2YzdhNDdmMTY3NDBkMDBkNzgxMWZmYzg2NDhiZDIxODRiMmQ3Njp7InNlbGVjdGVkX3dlZWsiOjN9','2020-11-22 21:42:11.880447'),('5j5xk2w2n2nti8anowdf3e5q75tnnrfm','NDU2YzdhNDdmMTY3NDBkMDBkNzgxMWZmYzg2NDhiZDIxODRiMmQ3Njp7InNlbGVjdGVkX3dlZWsiOjN9','2020-12-02 19:09:12.878355'),('5kabyg59w0nwxes4rnu8n9bzk651xlmf','NDU2YzdhNDdmMTY3NDBkMDBkNzgxMWZmYzg2NDhiZDIxODRiMmQ3Njp7InNlbGVjdGVkX3dlZWsiOjN9','2020-09-08 10:54:48.771317'),('5kfoup8hp2qknkdrvi3my3fjzb33nqn7','NDU2YzdhNDdmMTY3NDBkMDBkNzgxMWZmYzg2NDhiZDIxODRiMmQ3Njp7InNlbGVjdGVkX3dlZWsiOjN9','2020-12-08 06:09:08.676682'),('5qr5nl73x8f0t48ownn9v8gihgcdev7b','NDU2YzdhNDdmMTY3NDBkMDBkNzgxMWZmYzg2NDhiZDIxODRiMmQ3Njp7InNlbGVjdGVkX3dlZWsiOjN9','2020-09-19 21:43:34.738541'),('5rwr9nh7jq4lbpqof6rbl59uhk93dftk','NDU2YzdhNDdmMTY3NDBkMDBkNzgxMWZmYzg2NDhiZDIxODRiMmQ3Njp7InNlbGVjdGVkX3dlZWsiOjN9','2020-09-10 16:24:33.542015'),('5uv5w0m2zuj9criu476ml3ydwke9r5w5','NDU2YzdhNDdmMTY3NDBkMDBkNzgxMWZmYzg2NDhiZDIxODRiMmQ3Njp7InNlbGVjdGVkX3dlZWsiOjN9','2020-10-08 03:22:03.261183'),('5v7ly5v9a2m1feh9kmypydwbt4624mpe','NDU2YzdhNDdmMTY3NDBkMDBkNzgxMWZmYzg2NDhiZDIxODRiMmQ3Njp7InNlbGVjdGVkX3dlZWsiOjN9','2020-07-01 03:53:18.308606'),('5vwl330v4sj0lpugx4g3s15xs1117afc','NDU2YzdhNDdmMTY3NDBkMDBkNzgxMWZmYzg2NDhiZDIxODRiMmQ3Njp7InNlbGVjdGVkX3dlZWsiOjN9','2020-06-02 02:21:09.384926'),('5w00nwzfs15ukijtgq2598j76xxn9f0o','NDU2YzdhNDdmMTY3NDBkMDBkNzgxMWZmYzg2NDhiZDIxODRiMmQ3Njp7InNlbGVjdGVkX3dlZWsiOjN9','2020-09-23 18:39:51.040900'),('5x74zmhogmsvmy5byxc00abul0qob853','NDU2YzdhNDdmMTY3NDBkMDBkNzgxMWZmYzg2NDhiZDIxODRiMmQ3Njp7InNlbGVjdGVkX3dlZWsiOjN9','2020-09-05 22:42:44.300176'),('5z77bz9skq1odfphys3p2iew8badej7b','NDU2YzdhNDdmMTY3NDBkMDBkNzgxMWZmYzg2NDhiZDIxODRiMmQ3Njp7InNlbGVjdGVkX3dlZWsiOjN9','2020-10-26 08:05:18.338329'),('60o2vdux5ypnxpdmizee2wgcz5oa8gng','NDU2YzdhNDdmMTY3NDBkMDBkNzgxMWZmYzg2NDhiZDIxODRiMmQ3Njp7InNlbGVjdGVkX3dlZWsiOjN9','2020-09-30 00:34:29.753585'),('61mg7pxoh304o6ge0are53ynlmn49yk4','ZGIzMmUwMzYzNDg5MzI0YzQyZWM1NDc5MDA4NDIyNTk4YzQxODcyNjp7InNlbGVjdGVkX3dlZWsiOjUsImNhcnRfaWQiOjMxLCJpdGVtc190b3RhbCI6MH0=','2020-09-16 00:27:20.692919'),('63v6zds4ec34dwhudla8b8349axojxtt','NDU2YzdhNDdmMTY3NDBkMDBkNzgxMWZmYzg2NDhiZDIxODRiMmQ3Njp7InNlbGVjdGVkX3dlZWsiOjN9','2020-10-17 13:47:06.847920'),('65ev12sxaxwvc3z0q1lrmfyryk46qq3y','ZjQ5YmM3MGIwMTM4ZTY0NGI4MTQ3NWE4ZWIyZTViZWRhMmU3Yzg1NDp7Il9hdXRoX3VzZXJfaWQiOiIxIiwiX2F1dGhfdXNlcl9iYWNrZW5kIjoiZGphbmdvLmNvbnRyaWIuYXV0aC5iYWNrZW5kcy5Nb2RlbEJhY2tlbmQiLCJfYXV0aF91c2VyX2hhc2giOiJiN2FhZTdkMmI2MDNhMjFlYzU3NWJiZjUwYzRhZDIyOGYzYTQ5MDMxIiwiY2FydF9pZCI6MywiaXRlbXNfdG90YWwiOjV9','2019-09-04 02:39:15.229000'),('6b320y0kpuabh2xdvevv4u2wbed8ap9i','NDU2YzdhNDdmMTY3NDBkMDBkNzgxMWZmYzg2NDhiZDIxODRiMmQ3Njp7InNlbGVjdGVkX3dlZWsiOjN9','2020-06-15 01:22:30.584701'),('6etykvx7czwjyw7p4g0ba04716lvwfa0','NDU2YzdhNDdmMTY3NDBkMDBkNzgxMWZmYzg2NDhiZDIxODRiMmQ3Njp7InNlbGVjdGVkX3dlZWsiOjN9','2020-11-14 12:39:52.092226'),('6fvcr6w4hb8qgdw0yvptigkq7kdv7ugc','ODUwMmFlMzRjMGRjN2QxM2Y5ZjI4Njg5YWZiYWViYTliZjg3N2MxNzp7InNlbGVjdGVkX3dlZWsiOjYsImNhcnRfaWQiOjQ0LCJpdGVtc190b3RhbCI6MH0=','2020-12-08 19:29:13.881697'),('6hsn29e47qfdcn1x1edl41sr2m036bqn','NDU2YzdhNDdmMTY3NDBkMDBkNzgxMWZmYzg2NDhiZDIxODRiMmQ3Njp7InNlbGVjdGVkX3dlZWsiOjN9','2020-07-05 04:21:32.679655'),('6iokidxf0xsvax0krfqmzbj3ekvl84uf','NDU2YzdhNDdmMTY3NDBkMDBkNzgxMWZmYzg2NDhiZDIxODRiMmQ3Njp7InNlbGVjdGVkX3dlZWsiOjN9','2020-08-26 16:06:49.236908'),('6jkn4rx2m29da9i123hzmduwfnixgagz','NDU2YzdhNDdmMTY3NDBkMDBkNzgxMWZmYzg2NDhiZDIxODRiMmQ3Njp7InNlbGVjdGVkX3dlZWsiOjN9','2020-11-21 02:40:37.238784'),('6k8t9p65tx2i847240nqy9y4buupm0s8','ZTIwZmIxNmJiMWIxZjFkYWI1N2I5ZDU2ZjM4OWZkNmIzODM1OTI1MTp7InNlbGVjdGVkX3dlZWsiOjEsImNhcnRfaWQiOjI5LCJpdGVtc190b3RhbCI6MzF9','2020-10-02 18:29:58.151300'),('6k9sjncu8egfuu522arb39hrgntoefz0','NDU2YzdhNDdmMTY3NDBkMDBkNzgxMWZmYzg2NDhiZDIxODRiMmQ3Njp7InNlbGVjdGVkX3dlZWsiOjN9','2020-10-11 15:12:15.594598'),('6l3wezy6cbgfghk8ihwjkt3thctxxdxl','NDU2YzdhNDdmMTY3NDBkMDBkNzgxMWZmYzg2NDhiZDIxODRiMmQ3Njp7InNlbGVjdGVkX3dlZWsiOjN9','2020-08-02 20:24:52.548761'),('6n00b655gn5rb3rurudgxktzyd0mclb5','Y2U3ODM5ZWE1ZDVjNjBlYmU3ZWI1MDA4ZmFlMmNhZjU4ZjcyMzk1Njp7Il9hdXRoX3VzZXJfaWQiOiIxIiwiX2F1dGhfdXNlcl9iYWNrZW5kIjoiZGphbmdvLmNvbnRyaWIuYXV0aC5iYWNrZW5kcy5Nb2RlbEJhY2tlbmQiLCJfYXV0aF91c2VyX2hhc2giOiJiN2FhZTdkMmI2MDNhMjFlYzU3NWJiZjUwYzRhZDIyOGYzYTQ5MDMxIiwic2VsZWN0ZWRfd2VlayI6NCwiY2FydF9pZCI6MTAsIml0ZW1zX3RvdGFsIjo5fQ==','2020-05-16 21:09:29.288746'),('6nh3s766qfgbv8f0z17b2eofk0rkphje','NDU2YzdhNDdmMTY3NDBkMDBkNzgxMWZmYzg2NDhiZDIxODRiMmQ3Njp7InNlbGVjdGVkX3dlZWsiOjN9','2020-07-27 16:04:59.032818'),('6qiuxily9powd0le6lud3h54ichcz4s9','MWM5YzMzM2Q1MTRlNDFlNTkyYWM0MzllZWRkY2NkYWVjMzI0ODVmZDp7InNlbGVjdGVkX3dlZWsiOjMsImNhcnRfaWQiOjI3LCJpdGVtc190b3RhbCI6MH0=','2020-09-01 09:05:10.359349'),('6tm1npcmqk3yyv1cih1i0rx5x3f14h3c','NDU2YzdhNDdmMTY3NDBkMDBkNzgxMWZmYzg2NDhiZDIxODRiMmQ3Njp7InNlbGVjdGVkX3dlZWsiOjN9','2020-10-11 21:40:03.436662'),('6u4l5cya2lemsrvfqoehu24yko9jdw5j','MjNhZjc1NWQ2OWI0ZTFhNWVmNjk4MGZmMTM1MDRhOWU4ZjMwMzIyMDp7InNlbGVjdGVkX3dlZWsiOjMsImNhcnRfaWQiOjE2LCJpdGVtc190b3RhbCI6N30=','2020-06-16 18:44:23.222464'),('6w1xfiglk9bmx9ozyvrjb1lv5w17l15m','NDU2YzdhNDdmMTY3NDBkMDBkNzgxMWZmYzg2NDhiZDIxODRiMmQ3Njp7InNlbGVjdGVkX3dlZWsiOjN9','2020-11-19 00:14:21.295799'),('6xk4qdhdyeu5kxo126w3nkerl4kr8yc6','YTc2NjE1NzMyYzU2YjFkZDU3MTcxZTA1YzM1OTI4NmU5ZDA5NGE1Zjp7InNlbGVjdGVkX3dlZWsiOjYsImNhcnRfaWQiOjMwLCJpdGVtc190b3RhbCI6MH0=','2020-09-04 12:21:46.348166'),('6ytdbwn9pykpgupg7y9b62mt87gr41cb','NDU2YzdhNDdmMTY3NDBkMDBkNzgxMWZmYzg2NDhiZDIxODRiMmQ3Njp7InNlbGVjdGVkX3dlZWsiOjN9','2020-10-13 22:37:57.802429'),('6z0zt2srm56bsph4cxdm549pjfz16q7a','MTE1ZjAzMWJiODU4Y2RiZmNkMjc4YjhjNjk2YzE5YTY3OTNiZTk3MDp7InNlbGVjdGVkX3dlZWsiOjMsImNhcnRfaWQiOjI4LCJpdGVtc190b3RhbCI6MH0=','2020-09-07 13:55:31.269948'),('716qsnoj52eyy52c6e56temdsb6yq0ec','MjgzZTk1Mjc1YmRlMGNkOTZkNjlhYTYyMzlhYmZkMDgzYjJmYWYwMjp7InNlbGVjdGVkX3dlZWsiOjEsImNhcnRfaWQiOjM1LCJpdGVtc190b3RhbCI6MjR9','2020-11-12 21:45:05.368973'),('72b7dea399pg04s1xy55t1em1soaxfdi','OGQ5ZGFlOTZlYTQyMTc2NDAyNWFkMjY1ODQ3OGEzYzdmMWZlMjNjNjp7InNlbGVjdGVkX3dlZWsiOjYsImNhcnRfaWQiOjE3LCJpdGVtc190b3RhbCI6MH0=','2020-06-01 15:39:24.158421'),('753qr1axzzckrui01r1r1yqghzrtbr8f','NDU2YzdhNDdmMTY3NDBkMDBkNzgxMWZmYzg2NDhiZDIxODRiMmQ3Njp7InNlbGVjdGVkX3dlZWsiOjN9','2020-11-13 14:51:01.129354'),('76899yxmoy4u3656pgz98mr4fi5b98ae','Mzc0OGFjYzYzMjM3YzkyYWJkOGRhZGZjYTgyMmEzNDA5MmIwZDM2Yjp7InNlbGVjdGVkX3dlZWsiOjIsImNhcnRfaWQiOjE0LCJpdGVtc190b3RhbCI6Mjl9','2020-06-16 16:47:41.468144'),('79s0x4u4f0msqzj5rs9bo5hv6cvuuoua','ZWQyODI4ODRlNDk1Y2Q0NzkyMGU5OTFjNzZmMGUxOWFlZWYzNmU5NTp7InNlbGVjdGVkX3dlZWsiOjAsImNhcnRfaWQiOjM4LCJpdGVtc190b3RhbCI6MjN9','2020-11-29 05:14:53.373045'),('7b6khmc170t5ithbdo3e3xctipimuwzd','NDU2YzdhNDdmMTY3NDBkMDBkNzgxMWZmYzg2NDhiZDIxODRiMmQ3Njp7InNlbGVjdGVkX3dlZWsiOjN9','2020-06-05 15:58:04.092107'),('7b9eupmtim0r7qxqiutsy20nel5xn83x','NDU2YzdhNDdmMTY3NDBkMDBkNzgxMWZmYzg2NDhiZDIxODRiMmQ3Njp7InNlbGVjdGVkX3dlZWsiOjN9','2020-09-23 22:10:56.287715'),('7c3l1xz86koq5qc73rqk4xwyt4dohvdb','ZmEwYzQ4Y2I3OGQ0NmY4YzhjZmQ1OWRiNzRlMTE5ODY3Yzk3NGM2ODp7InNlbGVjdGVkX3dlZWsiOjQsImNhcnRfaWQiOjMxLCJpdGVtc190b3RhbCI6MH0=','2020-09-24 04:40:20.922294'),('7cfmi8fj6e1xhesv1nmat2auqal0rpkm','NDU2YzdhNDdmMTY3NDBkMDBkNzgxMWZmYzg2NDhiZDIxODRiMmQ3Njp7InNlbGVjdGVkX3dlZWsiOjN9','2020-11-09 16:52:51.109745'),('7dhb0udpue057zl7okric7ghpadsthd4','NDU2YzdhNDdmMTY3NDBkMDBkNzgxMWZmYzg2NDhiZDIxODRiMmQ3Njp7InNlbGVjdGVkX3dlZWsiOjN9','2020-08-30 18:06:18.400793'),('7e2kh4o0zrqm51ncatobokdyk5cxxciw','NDU2YzdhNDdmMTY3NDBkMDBkNzgxMWZmYzg2NDhiZDIxODRiMmQ3Njp7InNlbGVjdGVkX3dlZWsiOjN9','2020-09-16 01:23:30.537351'),('7ebm98x45rdyz8w3i29dadc0dzu0w58w','NDU2YzdhNDdmMTY3NDBkMDBkNzgxMWZmYzg2NDhiZDIxODRiMmQ3Njp7InNlbGVjdGVkX3dlZWsiOjN9','2020-10-15 03:18:34.122998'),('7g4jk1u2ygpqudw8my12c3i937u9chf2','NDU2YzdhNDdmMTY3NDBkMDBkNzgxMWZmYzg2NDhiZDIxODRiMmQ3Njp7InNlbGVjdGVkX3dlZWsiOjN9','2020-08-24 16:37:36.793763'),('7gtw5b3tfeykmf7i6b8hehhfm4cevr7j','NDU2YzdhNDdmMTY3NDBkMDBkNzgxMWZmYzg2NDhiZDIxODRiMmQ3Njp7InNlbGVjdGVkX3dlZWsiOjN9','2020-09-26 22:53:39.552050'),('7jufah0teq4tsdvqfwob8hp9irvvlt06','NDU2YzdhNDdmMTY3NDBkMDBkNzgxMWZmYzg2NDhiZDIxODRiMmQ3Njp7InNlbGVjdGVkX3dlZWsiOjN9','2020-11-24 13:12:03.538455'),('7kai3yuekgkc9dzhwtbusf7xnukllogr','Y2YwNmMzMWMwOGEzYjYzMTMwZDAzZDJlMTRkMDY5NTI3ZjAyMjc3Njp7InNlbGVjdGVkX3dlZWsiOjAsImNhcnRfaWQiOjMwLCJpdGVtc190b3RhbCI6MzF9','2020-10-16 04:07:49.864954'),('7keesa6ubkfnmeqgd7c24gz0n7dc53gt','NDU2YzdhNDdmMTY3NDBkMDBkNzgxMWZmYzg2NDhiZDIxODRiMmQ3Njp7InNlbGVjdGVkX3dlZWsiOjN9','2020-06-13 01:21:08.125951'),('7lg13z6w6hv6kuoan1ptkz4vw7xxm5iw','NDU2YzdhNDdmMTY3NDBkMDBkNzgxMWZmYzg2NDhiZDIxODRiMmQ3Njp7InNlbGVjdGVkX3dlZWsiOjN9','2020-07-06 15:46:24.764149'),('7mam8n103d0j9imvejcwpuoepuq7hqmc','NDU2YzdhNDdmMTY3NDBkMDBkNzgxMWZmYzg2NDhiZDIxODRiMmQ3Njp7InNlbGVjdGVkX3dlZWsiOjN9','2020-09-11 13:49:28.367112'),('7mimm6u7j2fj65n4ry3cjmakap6kgmwb','NDU2YzdhNDdmMTY3NDBkMDBkNzgxMWZmYzg2NDhiZDIxODRiMmQ3Njp7InNlbGVjdGVkX3dlZWsiOjN9','2020-08-01 16:09:36.243420'),('7s6wk4kbtroqw3xuumuf43kwbj7l05r7','NDU2YzdhNDdmMTY3NDBkMDBkNzgxMWZmYzg2NDhiZDIxODRiMmQ3Njp7InNlbGVjdGVkX3dlZWsiOjN9','2020-08-02 16:56:58.307886'),('7shsvt3tbh34s9kfs0kyjcop6v0tdvjh','ZGE2MDczMzc4MmViY2I2NGVkNjM2NjRkMGZjNzE5NGJmNGYzNWQzZjp7InNlbGVjdGVkX3dlZWsiOjAsImNhcnRfaWQiOjMyLCJpdGVtc190b3RhbCI6Mjh9','2020-10-27 22:33:55.090089'),('7t8g8bduxy0mb2bj4iqpt10x1b763iyr','NDU2YzdhNDdmMTY3NDBkMDBkNzgxMWZmYzg2NDhiZDIxODRiMmQ3Njp7InNlbGVjdGVkX3dlZWsiOjN9','2020-09-10 15:54:37.732045'),('7uzjj9ktitv9x0r9b2xmhs3lu6zdclag','Y2Q0OTQ0YmU2ODNjOTk5MTY1Y2UyMzRhNWY4MjBlYmE5MjZlMmU3OTp7InNlbGVjdGVkX3dlZWsiOjMsIl9hdXRoX3VzZXJfaWQiOiIxIiwiX2F1dGhfdXNlcl9iYWNrZW5kIjoiZGphbmdvLmNvbnRyaWIuYXV0aC5iYWNrZW5kcy5Nb2RlbEJhY2tlbmQiLCJfYXV0aF91c2VyX2hhc2giOiJiN2FhZTdkMmI2MDNhMjFlYzU3NWJiZjUwYzRhZDIyOGYzYTQ5MDMxIiwiY2FydF9pZCI6MjEsIml0ZW1zX3RvdGFsIjowfQ==','2020-07-18 03:14:14.377105'),('8024tzjjv5u282jc43t7y855zl4fy08w','NDU2YzdhNDdmMTY3NDBkMDBkNzgxMWZmYzg2NDhiZDIxODRiMmQ3Njp7InNlbGVjdGVkX3dlZWsiOjN9','2020-07-09 22:30:59.074316'),('81692wlst4rp8j1sfl9qntxx6gayxygm','NDU2YzdhNDdmMTY3NDBkMDBkNzgxMWZmYzg2NDhiZDIxODRiMmQ3Njp7InNlbGVjdGVkX3dlZWsiOjN9','2020-10-19 18:09:15.871520'),('88nk3zxbeyxkseqd346hfq03aen9hpll','NDU2YzdhNDdmMTY3NDBkMDBkNzgxMWZmYzg2NDhiZDIxODRiMmQ3Njp7InNlbGVjdGVkX3dlZWsiOjN9','2020-07-05 21:12:37.413543'),('89wsk99ut41qguiobfonv38qqugnyacj','NDU2YzdhNDdmMTY3NDBkMDBkNzgxMWZmYzg2NDhiZDIxODRiMmQ3Njp7InNlbGVjdGVkX3dlZWsiOjN9','2020-08-25 09:54:35.309267'),('8aaoee55zj5487ix9zehot933ygxofb8','NDU2YzdhNDdmMTY3NDBkMDBkNzgxMWZmYzg2NDhiZDIxODRiMmQ3Njp7InNlbGVjdGVkX3dlZWsiOjN9','2020-08-23 11:31:30.578073'),('8azut94dl8qjzv0uyqjclkbmjhihqw61','NDU2YzdhNDdmMTY3NDBkMDBkNzgxMWZmYzg2NDhiZDIxODRiMmQ3Njp7InNlbGVjdGVkX3dlZWsiOjN9','2020-08-01 22:18:31.987197'),('8blj2rvpky3gxf4gupik9hmj6hl6dmu1','NDU2YzdhNDdmMTY3NDBkMDBkNzgxMWZmYzg2NDhiZDIxODRiMmQ3Njp7InNlbGVjdGVkX3dlZWsiOjN9','2020-07-29 16:40:15.644821'),('8cr99vok8pz61wm4o7xr44egwr5rfbkx','NDU2YzdhNDdmMTY3NDBkMDBkNzgxMWZmYzg2NDhiZDIxODRiMmQ3Njp7InNlbGVjdGVkX3dlZWsiOjN9','2020-10-16 14:40:54.511210'),('8czenpkhhxrwe81y4si9p4gblxgxv2u7','MTcyMWI1ZmRmMzMwZDE3NWVmYWZmNzM3NjVmYzAxYmU0YzcwZDgyMDp7InNlbGVjdGVkX3dlZWsiOjUsImNhcnRfaWQiOjMzLCJpdGVtc190b3RhbCI6MH0=','2020-09-30 20:25:39.562067'),('8g0l1fjteey5vntczwy86lq3fg0y6a8g','NDU2YzdhNDdmMTY3NDBkMDBkNzgxMWZmYzg2NDhiZDIxODRiMmQ3Njp7InNlbGVjdGVkX3dlZWsiOjN9','2020-07-11 08:17:43.798706'),('8hl5prg87zkenucc8jc3nafqb9bz6tu7','NDU2YzdhNDdmMTY3NDBkMDBkNzgxMWZmYzg2NDhiZDIxODRiMmQ3Njp7InNlbGVjdGVkX3dlZWsiOjN9','2020-09-27 00:44:29.181638'),('8m0r3nyayx8njfapfh1k1en89181hukl','NjM2NDU5ZTFlNzMwODJkZTkxNGIwNmM1N2U2Yjc3MGFiZDQzYjU4Mjp7InNlbGVjdGVkX3dlZWsiOjYsImNhcnRfaWQiOjI5LCJpdGVtc190b3RhbCI6MH0=','2020-08-28 17:44:56.390213'),('8oyrobixd73ryhq6gzk6n9ld70g1z691','NDU2YzdhNDdmMTY3NDBkMDBkNzgxMWZmYzg2NDhiZDIxODRiMmQ3Njp7InNlbGVjdGVkX3dlZWsiOjN9','2020-06-20 22:22:57.657265'),('8qayuf4jnw1wp33qwovv8ttiiaoawr5k','NDU2YzdhNDdmMTY3NDBkMDBkNzgxMWZmYzg2NDhiZDIxODRiMmQ3Njp7InNlbGVjdGVkX3dlZWsiOjN9','2020-07-29 16:40:23.534342'),('8qfz5f1u0wibsc3fy4vvyuoctou25ivz','NDU2YzdhNDdmMTY3NDBkMDBkNzgxMWZmYzg2NDhiZDIxODRiMmQ3Njp7InNlbGVjdGVkX3dlZWsiOjN9','2020-10-22 20:21:42.698189'),('8wzdcvfy5c0sp5bkjn6kbeslvzf690yh','NDU2YzdhNDdmMTY3NDBkMDBkNzgxMWZmYzg2NDhiZDIxODRiMmQ3Njp7InNlbGVjdGVkX3dlZWsiOjN9','2020-09-29 11:24:02.311278'),('8xjx425mnyg6hthp58xnsjyjigl6sz4k','NDU2YzdhNDdmMTY3NDBkMDBkNzgxMWZmYzg2NDhiZDIxODRiMmQ3Njp7InNlbGVjdGVkX3dlZWsiOjN9','2020-12-02 10:18:37.245262'),('8y0mktlrjkfj7oa5wusluwjvel2drk1f','NDU2YzdhNDdmMTY3NDBkMDBkNzgxMWZmYzg2NDhiZDIxODRiMmQ3Njp7InNlbGVjdGVkX3dlZWsiOjN9','2020-08-12 00:37:47.344889'),('8yme0gvckksdq36picufjikn58ypovo3','NDU2YzdhNDdmMTY3NDBkMDBkNzgxMWZmYzg2NDhiZDIxODRiMmQ3Njp7InNlbGVjdGVkX3dlZWsiOjN9','2020-09-18 21:29:16.883253'),('93w5161qj3zocou1wd3uiybn1boj5pff','NDU2YzdhNDdmMTY3NDBkMDBkNzgxMWZmYzg2NDhiZDIxODRiMmQ3Njp7InNlbGVjdGVkX3dlZWsiOjN9','2020-10-28 01:29:14.445699'),('93wr2xnq5np2tdavzxd2xm2x1j1q4wnm','NDYxZTZlNjk5MzdhMDIzMjE4ODZmMjUwYTRmOWU2YjliZThlZDljZTp7InNlbGVjdGVkX3dlZWsiOjQsImNhcnRfaWQiOjMzLCJpdGVtc190b3RhbCI6MH0=','2020-10-06 05:47:12.814304'),('942u1ipm244lk2h0nnut23asi4tt3yni','NDU2YzdhNDdmMTY3NDBkMDBkNzgxMWZmYzg2NDhiZDIxODRiMmQ3Njp7InNlbGVjdGVkX3dlZWsiOjN9','2020-11-29 00:07:30.160255'),('96k3a8aas01z414nmgnafvnwvbah3ea9','ZTM0MjA4OWU5YTExNzM5NDJlYjBhNTUwYzA1MDliZWU4YTMyZTdkZTp7InNlbGVjdGVkX3dlZWsiOjAsImNhcnRfaWQiOjI4LCJpdGVtc190b3RhbCI6MTd9','2020-10-01 03:15:47.806345'),('974e3ja1c75jhm9m66p6f2clcqapc1wi','NDU2YzdhNDdmMTY3NDBkMDBkNzgxMWZmYzg2NDhiZDIxODRiMmQ3Njp7InNlbGVjdGVkX3dlZWsiOjN9','2020-09-27 20:22:53.466843'),('97yolncyk0tbedaopby2ueb63i8wq26y','NDU2YzdhNDdmMTY3NDBkMDBkNzgxMWZmYzg2NDhiZDIxODRiMmQ3Njp7InNlbGVjdGVkX3dlZWsiOjN9','2020-09-07 08:39:57.942874'),('99ctx4hi7s21arko3ubbyyg77eu1tnyl','NDU2YzdhNDdmMTY3NDBkMDBkNzgxMWZmYzg2NDhiZDIxODRiMmQ3Njp7InNlbGVjdGVkX3dlZWsiOjN9','2020-09-03 18:49:36.702736'),('9dj2zjftmrh4wiqrterir5arssa3s0oz','NDU2YzdhNDdmMTY3NDBkMDBkNzgxMWZmYzg2NDhiZDIxODRiMmQ3Njp7InNlbGVjdGVkX3dlZWsiOjN9','2020-10-04 00:13:15.964884'),('9fvglu3mt9j4hday6jaohrmnfr93y6uz','NDU2YzdhNDdmMTY3NDBkMDBkNzgxMWZmYzg2NDhiZDIxODRiMmQ3Njp7InNlbGVjdGVkX3dlZWsiOjN9','2020-09-09 23:32:34.262634'),('9g37gozvl286agcb6qtjn31y9enwz7fg','NDU2YzdhNDdmMTY3NDBkMDBkNzgxMWZmYzg2NDhiZDIxODRiMmQ3Njp7InNlbGVjdGVkX3dlZWsiOjN9','2020-11-23 22:15:49.958357'),('9g96xesmoef4etuv6puotf86s4scn2dr','NDU2YzdhNDdmMTY3NDBkMDBkNzgxMWZmYzg2NDhiZDIxODRiMmQ3Njp7InNlbGVjdGVkX3dlZWsiOjN9','2020-09-28 13:33:30.456539'),('9hk0pnkfm1tb8aj77euxcfdr5mn6q5gv','NDU2YzdhNDdmMTY3NDBkMDBkNzgxMWZmYzg2NDhiZDIxODRiMmQ3Njp7InNlbGVjdGVkX3dlZWsiOjN9','2020-07-05 04:44:21.620033'),('9k1xub7yubdzhy08s62b7l3ieofzx8ed','NDU2YzdhNDdmMTY3NDBkMDBkNzgxMWZmYzg2NDhiZDIxODRiMmQ3Njp7InNlbGVjdGVkX3dlZWsiOjN9','2020-11-20 03:41:31.882694'),('9kcg8gaqgi6ri1vl0cclguej3cdmddh7','NDU2YzdhNDdmMTY3NDBkMDBkNzgxMWZmYzg2NDhiZDIxODRiMmQ3Njp7InNlbGVjdGVkX3dlZWsiOjN9','2020-10-17 13:47:10.753482'),('9lwt5djqfmq9q4efe884a87cicj1nmgz','NDU2YzdhNDdmMTY3NDBkMDBkNzgxMWZmYzg2NDhiZDIxODRiMmQ3Njp7InNlbGVjdGVkX3dlZWsiOjN9','2020-11-16 15:04:18.870565'),('9muf5rxaxcadc1ggjhljd72d0lnxa18u','NDU2YzdhNDdmMTY3NDBkMDBkNzgxMWZmYzg2NDhiZDIxODRiMmQ3Njp7InNlbGVjdGVkX3dlZWsiOjN9','2020-10-25 12:47:28.116638'),('9o5nps0hsmtfyzoftf1d9dz82y09rx9m','NDU2YzdhNDdmMTY3NDBkMDBkNzgxMWZmYzg2NDhiZDIxODRiMmQ3Njp7InNlbGVjdGVkX3dlZWsiOjN9','2020-06-30 09:18:07.774441'),('9plnp7311oh8m5dv6m0wvbrq4vsm95ns','NDU2YzdhNDdmMTY3NDBkMDBkNzgxMWZmYzg2NDhiZDIxODRiMmQ3Njp7InNlbGVjdGVkX3dlZWsiOjN9','2020-06-21 01:22:16.113869'),('9pqueaqgtex0h2zbupew77idmy0tv5un','NDU2YzdhNDdmMTY3NDBkMDBkNzgxMWZmYzg2NDhiZDIxODRiMmQ3Njp7InNlbGVjdGVkX3dlZWsiOjN9','2020-11-06 23:20:08.185417'),('9qit2x4blqxayd6yi1e527ls6zvpfxpu','NDU2YzdhNDdmMTY3NDBkMDBkNzgxMWZmYzg2NDhiZDIxODRiMmQ3Njp7InNlbGVjdGVkX3dlZWsiOjN9','2020-09-06 10:51:35.026195'),('9rttvahjrmq5lfct7mvpdxnh7d0fopte','NDU2YzdhNDdmMTY3NDBkMDBkNzgxMWZmYzg2NDhiZDIxODRiMmQ3Njp7InNlbGVjdGVkX3dlZWsiOjN9','2020-12-09 01:01:00.142456'),('9up2bw0h70haui26iwk37srdl37xfg78','NDU2YzdhNDdmMTY3NDBkMDBkNzgxMWZmYzg2NDhiZDIxODRiMmQ3Njp7InNlbGVjdGVkX3dlZWsiOjN9','2020-10-29 05:31:37.512651'),('9vtqaa5n3c94r08q778vjym7w5te9nbi','NDU2YzdhNDdmMTY3NDBkMDBkNzgxMWZmYzg2NDhiZDIxODRiMmQ3Njp7InNlbGVjdGVkX3dlZWsiOjN9','2020-10-01 12:36:54.078244'),('9w3rz7c68zqradq94xj2y3mevrhbm5tq','NDU2YzdhNDdmMTY3NDBkMDBkNzgxMWZmYzg2NDhiZDIxODRiMmQ3Njp7InNlbGVjdGVkX3dlZWsiOjN9','2020-09-09 19:58:11.065914'),('9wtza6hhzaaqft7we4hg4hyb3qips4wl','NDU2YzdhNDdmMTY3NDBkMDBkNzgxMWZmYzg2NDhiZDIxODRiMmQ3Njp7InNlbGVjdGVkX3dlZWsiOjN9','2020-10-28 12:41:51.845909'),('9xbb36immkstynj5trpocuk8708a7iox','NDU2YzdhNDdmMTY3NDBkMDBkNzgxMWZmYzg2NDhiZDIxODRiMmQ3Njp7InNlbGVjdGVkX3dlZWsiOjN9','2020-06-30 21:09:48.851005'),('a0n7npvv4zkimb87zbt9bdmnu19sfg3b','NDU2YzdhNDdmMTY3NDBkMDBkNzgxMWZmYzg2NDhiZDIxODRiMmQ3Njp7InNlbGVjdGVkX3dlZWsiOjN9','2020-11-27 18:24:19.915306'),('a24ssq33fj3dx5axsu3epujcq7216dg6','NDU2YzdhNDdmMTY3NDBkMDBkNzgxMWZmYzg2NDhiZDIxODRiMmQ3Njp7InNlbGVjdGVkX3dlZWsiOjN9','2020-06-19 14:58:19.108452'),('a30jukvyzfx6qrxhzwj8irc6bipjxcqh','NDU2YzdhNDdmMTY3NDBkMDBkNzgxMWZmYzg2NDhiZDIxODRiMmQ3Njp7InNlbGVjdGVkX3dlZWsiOjN9','2020-09-22 20:47:11.571459'),('a36eqvlnosc67ymvg6sde82hyjpr4ky8','NDU2YzdhNDdmMTY3NDBkMDBkNzgxMWZmYzg2NDhiZDIxODRiMmQ3Njp7InNlbGVjdGVkX3dlZWsiOjN9','2020-09-01 18:57:32.798009'),('a3s8eyuzw8k1qbyquwdxib3nup9zfq3u','NDU2YzdhNDdmMTY3NDBkMDBkNzgxMWZmYzg2NDhiZDIxODRiMmQ3Njp7InNlbGVjdGVkX3dlZWsiOjN9','2020-09-08 22:28:58.928005'),('a94wm76wqd61fxep8zmubtw4tqkhm6pn','NmE4ZDg0ZmEzZTczNTYzYjhlYTZhNzBhMDBlZDdhOTgzOTE1NGRmYTp7InNlbGVjdGVkX3dlZWsiOjUsImNhcnRfaWQiOjI0LCJpdGVtc190b3RhbCI6MH0=','2020-08-01 15:58:37.895899'),('aamurkimn4lvysz9zgjlu1zjo01k4x6w','NDU2YzdhNDdmMTY3NDBkMDBkNzgxMWZmYzg2NDhiZDIxODRiMmQ3Njp7InNlbGVjdGVkX3dlZWsiOjN9','2020-10-15 20:21:56.042395'),('ad6cqvsxs0d0irpbh50il1s97dig8bbi','YWM0ODMxZTQ5OTk2OTQ1NTJlYzhkNTNhMjdiYzg0NjNiZjcwOGRjZDp7InNlbGVjdGVkX3dlZWsiOjIsImNhcnRfaWQiOjIwLCJpdGVtc190b3RhbCI6MjJ9','2020-08-01 16:02:29.014872'),('ae5vg2cdld6z9jzei6bk330iyedvzene','NDU2YzdhNDdmMTY3NDBkMDBkNzgxMWZmYzg2NDhiZDIxODRiMmQ3Njp7InNlbGVjdGVkX3dlZWsiOjN9','2020-06-17 21:55:53.630726'),('ag9a9ct4dyddsrvver7pa1fi70axtqpl','NDU2YzdhNDdmMTY3NDBkMDBkNzgxMWZmYzg2NDhiZDIxODRiMmQ3Njp7InNlbGVjdGVkX3dlZWsiOjN9','2020-10-10 22:45:25.865960'),('agoy6dm5cb4g2cxupx8rok09pqqne20t','NDU2YzdhNDdmMTY3NDBkMDBkNzgxMWZmYzg2NDhiZDIxODRiMmQ3Njp7InNlbGVjdGVkX3dlZWsiOjN9','2020-05-31 10:35:40.832079'),('agrph2qhmxx7ohetdygiof78sw561nhl','NDU2YzdhNDdmMTY3NDBkMDBkNzgxMWZmYzg2NDhiZDIxODRiMmQ3Njp7InNlbGVjdGVkX3dlZWsiOjN9','2020-11-01 13:02:13.546039'),('ahb21cekt70yu6xkzn8bbcd6ndkzgvww','NDU2YzdhNDdmMTY3NDBkMDBkNzgxMWZmYzg2NDhiZDIxODRiMmQ3Njp7InNlbGVjdGVkX3dlZWsiOjN9','2020-09-17 22:47:56.405545'),('ahzyt2hfyw4if8i4szwlwf4virogucuj','YjQ4YWQwMTMyZDJjNTA1MWM0MWNmZDhjYTkwZDQ1NmI1ZjQ5OTI1ZTp7InNlbGVjdGVkX3dlZWsiOjYsImNhcnRfaWQiOjMzLCJpdGVtc190b3RhbCI6MH0=','2020-09-24 08:08:22.365399'),('aixohfqvnmkw8na49wzoh1ds50c0lxct','NDU2YzdhNDdmMTY3NDBkMDBkNzgxMWZmYzg2NDhiZDIxODRiMmQ3Njp7InNlbGVjdGVkX3dlZWsiOjN9','2020-08-23 20:47:09.651387'),('ajb5rdanll00l9zrhf0v4al96sjrfg1x','M2U3OTFmZDM2Yjg3MjYwZDNiMDU2MjczMmZmMTg2NmUyZmZiMzg4Yzp7InNlbGVjdGVkX3dlZWsiOjUsImNhcnRfaWQiOjE2LCJpdGVtc190b3RhbCI6MH0=','2020-06-03 00:17:24.808633'),('am546qwhzxpev35fm1ifyavf1tmlv568','NDU2YzdhNDdmMTY3NDBkMDBkNzgxMWZmYzg2NDhiZDIxODRiMmQ3Njp7InNlbGVjdGVkX3dlZWsiOjN9','2020-11-06 21:20:47.956903'),('am7b9jdurhw63tnj43otn6ptsys4jo9b','NDU2YzdhNDdmMTY3NDBkMDBkNzgxMWZmYzg2NDhiZDIxODRiMmQ3Njp7InNlbGVjdGVkX3dlZWsiOjN9','2020-11-27 13:06:55.123622'),('amdihkmfby72bdnlm9j8fnbedef49myj','NDU2YzdhNDdmMTY3NDBkMDBkNzgxMWZmYzg2NDhiZDIxODRiMmQ3Njp7InNlbGVjdGVkX3dlZWsiOjN9','2020-12-05 21:45:04.889340'),('anrr8jxfcjhdh1xtku1csrfq682i684h','NDU2YzdhNDdmMTY3NDBkMDBkNzgxMWZmYzg2NDhiZDIxODRiMmQ3Njp7InNlbGVjdGVkX3dlZWsiOjN9','2020-12-05 09:08:36.154227'),('aoh8dvhp89vcqh7072pkig4fqrkfuo0r','NDU2YzdhNDdmMTY3NDBkMDBkNzgxMWZmYzg2NDhiZDIxODRiMmQ3Njp7InNlbGVjdGVkX3dlZWsiOjN9','2020-10-11 07:05:10.756709'),('ap3n1ml9qdq899mm9j5m1zxggn213uo0','NDU2YzdhNDdmMTY3NDBkMDBkNzgxMWZmYzg2NDhiZDIxODRiMmQ3Njp7InNlbGVjdGVkX3dlZWsiOjN9','2020-09-21 21:02:21.205282'),('aqgosshl8n8sl00n6fzs4cmnr840o3l5','NDU2YzdhNDdmMTY3NDBkMDBkNzgxMWZmYzg2NDhiZDIxODRiMmQ3Njp7InNlbGVjdGVkX3dlZWsiOjN9','2020-11-06 21:21:44.752108'),('arhqwqtf9pxm6vk572n2fcuo4yljeqo2','NDU2YzdhNDdmMTY3NDBkMDBkNzgxMWZmYzg2NDhiZDIxODRiMmQ3Njp7InNlbGVjdGVkX3dlZWsiOjN9','2020-07-08 09:07:14.021433'),('ax0s23cx58ux2tn275lmw46hbv399giw','NDU2YzdhNDdmMTY3NDBkMDBkNzgxMWZmYzg2NDhiZDIxODRiMmQ3Njp7InNlbGVjdGVkX3dlZWsiOjN9','2020-08-30 20:08:03.520048'),('axh3dkblhkf80mr3y665pv1o0hqk3mb1','NDU2YzdhNDdmMTY3NDBkMDBkNzgxMWZmYzg2NDhiZDIxODRiMmQ3Njp7InNlbGVjdGVkX3dlZWsiOjN9','2020-08-28 01:30:42.728775'),('az4z1i7cf5icrruidkuf16lbzrjoq9ra','NDU2YzdhNDdmMTY3NDBkMDBkNzgxMWZmYzg2NDhiZDIxODRiMmQ3Njp7InNlbGVjdGVkX3dlZWsiOjN9','2020-09-27 10:50:34.677020'),('b0wu0pndzctw57m2bis6iki85jpeyj5i','NDU2YzdhNDdmMTY3NDBkMDBkNzgxMWZmYzg2NDhiZDIxODRiMmQ3Njp7InNlbGVjdGVkX3dlZWsiOjN9','2020-08-01 16:01:15.503585'),('b1iniy44smdirv8o92hydhko8a9bu7s7','NDU2YzdhNDdmMTY3NDBkMDBkNzgxMWZmYzg2NDhiZDIxODRiMmQ3Njp7InNlbGVjdGVkX3dlZWsiOjN9','2020-08-03 03:07:15.327238'),('b2qy2zzkqhs3o0he3gc46jn3ss3bdac6','NDU2YzdhNDdmMTY3NDBkMDBkNzgxMWZmYzg2NDhiZDIxODRiMmQ3Njp7InNlbGVjdGVkX3dlZWsiOjN9','2020-06-19 01:21:11.045257'),('b3jzkjxpt5sy886pgs9vcvcldel32146','NDU2YzdhNDdmMTY3NDBkMDBkNzgxMWZmYzg2NDhiZDIxODRiMmQ3Njp7InNlbGVjdGVkX3dlZWsiOjN9','2020-09-22 22:02:44.089732'),('b48jdpjjzgd5gn938vdmce8nmwl3jtav','NDU2YzdhNDdmMTY3NDBkMDBkNzgxMWZmYzg2NDhiZDIxODRiMmQ3Njp7InNlbGVjdGVkX3dlZWsiOjN9','2020-06-02 04:33:38.352669'),('b4akn3twau35kygtz1v10odbq78n4mf7','NDU2YzdhNDdmMTY3NDBkMDBkNzgxMWZmYzg2NDhiZDIxODRiMmQ3Njp7InNlbGVjdGVkX3dlZWsiOjN9','2020-11-27 06:48:23.711032'),('b542jz49rtx9pejcoxlo4o2oul3avlen','NDU2YzdhNDdmMTY3NDBkMDBkNzgxMWZmYzg2NDhiZDIxODRiMmQ3Njp7InNlbGVjdGVkX3dlZWsiOjN9','2020-08-12 13:08:08.683257'),('b7x7ltmrdgqk4lwmgjowz1jtri20rdxe','NDU2YzdhNDdmMTY3NDBkMDBkNzgxMWZmYzg2NDhiZDIxODRiMmQ3Njp7InNlbGVjdGVkX3dlZWsiOjN9','2020-06-16 22:50:44.406688'),('ba54ch9n52qrpekezrfqbnru3ef7ycdm','ZWM5YzQ3ZDhlZTI0NDM3Mjc0ZjJmYzYxYjU4NTU0N2Y0M2E5ZWMyMzp7InNlbGVjdGVkX3dlZWsiOjUsImNhcnRfaWQiOjQwLCJpdGVtc190b3RhbCI6MH0=','2020-11-12 21:40:21.447669'),('bb4jv4l3w5wlvffvua2fmcd70i5itfxz','NDU2YzdhNDdmMTY3NDBkMDBkNzgxMWZmYzg2NDhiZDIxODRiMmQ3Njp7InNlbGVjdGVkX3dlZWsiOjN9','2020-11-01 10:31:32.774916'),('bc0qdkx1rf4f3ifmzixokdwv0u9q3786','NDU2YzdhNDdmMTY3NDBkMDBkNzgxMWZmYzg2NDhiZDIxODRiMmQ3Njp7InNlbGVjdGVkX3dlZWsiOjN9','2020-07-04 20:13:38.566614'),('bil6zcr1hke9j6hzsrzxx6tzafowoz8a','NDU2YzdhNDdmMTY3NDBkMDBkNzgxMWZmYzg2NDhiZDIxODRiMmQ3Njp7InNlbGVjdGVkX3dlZWsiOjN9','2020-07-29 16:39:24.650931'),('blrfc6wxhyf4urfxliiz2wuwmj34ifb6','NDU2YzdhNDdmMTY3NDBkMDBkNzgxMWZmYzg2NDhiZDIxODRiMmQ3Njp7InNlbGVjdGVkX3dlZWsiOjN9','2020-10-22 21:49:36.240969'),('bmdb5w52psj5gjbj43auiubp6cifym6n','NDU2YzdhNDdmMTY3NDBkMDBkNzgxMWZmYzg2NDhiZDIxODRiMmQ3Njp7InNlbGVjdGVkX3dlZWsiOjN9','2020-09-26 15:00:37.765559'),('bnir0mn62ci5e3ko6p4wgezz9swjodi0','NDU2YzdhNDdmMTY3NDBkMDBkNzgxMWZmYzg2NDhiZDIxODRiMmQ3Njp7InNlbGVjdGVkX3dlZWsiOjN9','2020-09-20 13:05:11.906858'),('bnw2hh0f02nhk5zl2gdvywik2uvok4oi','ZjhhZGVhYWExNWJiZGNkNmJhMjVlNmY5MTBiYzgwYzA5YzNmZGNkNDp7InNlbGVjdGVkX3dlZWsiOjMsImNhcnRfaWQiOjMzLCJpdGVtc190b3RhbCI6MjR9','2020-10-15 13:12:45.008090'),('bnz16ezgjcdsvx5t27l7940rtesauwhx','NDU2YzdhNDdmMTY3NDBkMDBkNzgxMWZmYzg2NDhiZDIxODRiMmQ3Njp7InNlbGVjdGVkX3dlZWsiOjN9','2020-10-14 17:45:38.400405'),('bpm3ddf967layusgld56d8g5doa3c4uz','ZjQ0ZjRlOWEzZGI3ZTUwZGJiYzJhZDQ1MzY4NWFiYTQ2NGQ2YTA4YTp7InNlbGVjdGVkX3dlZWsiOjUsImNhcnRfaWQiOjQzLCJpdGVtc190b3RhbCI6MH0=','2020-12-08 08:00:49.814260'),('bq8hyma1ygd2wxyf4gr86hpsagsa31u6','NDU2YzdhNDdmMTY3NDBkMDBkNzgxMWZmYzg2NDhiZDIxODRiMmQ3Njp7InNlbGVjdGVkX3dlZWsiOjN9','2020-09-26 05:20:27.232891'),('bv4hypnt0e1xr8j88bfbqz7am1uveosb','NDU2YzdhNDdmMTY3NDBkMDBkNzgxMWZmYzg2NDhiZDIxODRiMmQ3Njp7InNlbGVjdGVkX3dlZWsiOjN9','2020-10-03 21:19:13.247483'),('by8y5gt4j1p5ey9xbuc0v66o6lhwq6hm','NDU2YzdhNDdmMTY3NDBkMDBkNzgxMWZmYzg2NDhiZDIxODRiMmQ3Njp7InNlbGVjdGVkX3dlZWsiOjN9','2020-12-02 04:12:48.792753'),('bz0ezhjod8q9wh0qoy8qd5x5fx9pagit','NDU2YzdhNDdmMTY3NDBkMDBkNzgxMWZmYzg2NDhiZDIxODRiMmQ3Njp7InNlbGVjdGVkX3dlZWsiOjN9','2020-09-23 08:22:11.656233'),('bzdiwar1zly1b4k7s4zokpa7anf4cwc0','NDU2YzdhNDdmMTY3NDBkMDBkNzgxMWZmYzg2NDhiZDIxODRiMmQ3Njp7InNlbGVjdGVkX3dlZWsiOjN9','2020-06-28 23:09:15.736488'),('c0achh9qu095z4fjxurd15jn3baxv95a','NDU2YzdhNDdmMTY3NDBkMDBkNzgxMWZmYzg2NDhiZDIxODRiMmQ3Njp7InNlbGVjdGVkX3dlZWsiOjN9','2020-10-08 20:47:31.592007'),('c1f5anxq33fm06kv6sywncwdcwk9gkxc','NDU2YzdhNDdmMTY3NDBkMDBkNzgxMWZmYzg2NDhiZDIxODRiMmQ3Njp7InNlbGVjdGVkX3dlZWsiOjN9','2020-11-12 08:20:53.787013'),('c2xijg38jc6u64dtw544b4ds3je17bmh','NDU2YzdhNDdmMTY3NDBkMDBkNzgxMWZmYzg2NDhiZDIxODRiMmQ3Njp7InNlbGVjdGVkX3dlZWsiOjN9','2020-10-23 01:06:42.890477'),('c3doazpw4ud9ua16wei6x03bzp5f47e1','NDU2YzdhNDdmMTY3NDBkMDBkNzgxMWZmYzg2NDhiZDIxODRiMmQ3Njp7InNlbGVjdGVkX3dlZWsiOjN9','2020-07-06 06:53:43.769048'),('c5z1jzaungk0pvtu8gl1cmpy974vvcvu','NDU2YzdhNDdmMTY3NDBkMDBkNzgxMWZmYzg2NDhiZDIxODRiMmQ3Njp7InNlbGVjdGVkX3dlZWsiOjN9','2020-10-24 16:21:02.873442'),('c6q5h6xjjv8lyq0e5a8yvcpcmddfpa8m','NDU2YzdhNDdmMTY3NDBkMDBkNzgxMWZmYzg2NDhiZDIxODRiMmQ3Njp7InNlbGVjdGVkX3dlZWsiOjN9','2020-10-26 13:16:00.014623'),('ca4a34ul0vfl2iu48l4t9tio0qttjuty','NjA5OGY5ZTFkN2RhMWZmYzZhODc5NDg5YzM0MTY4YzA2ZGJhMzcxZDp7InNlbGVjdGVkX3dlZWsiOjYsImNhcnRfaWQiOjIyLCJpdGVtc190b3RhbCI6MH0=','2020-07-07 15:17:05.431298'),('cc1ims9oopazjxf78v97siwdl22k9l85','NDU2YzdhNDdmMTY3NDBkMDBkNzgxMWZmYzg2NDhiZDIxODRiMmQ3Njp7InNlbGVjdGVkX3dlZWsiOjN9','2020-09-27 01:33:25.600117'),('cdeexfyr1rd79kdonq895ozwpfcqtgli','NDU2YzdhNDdmMTY3NDBkMDBkNzgxMWZmYzg2NDhiZDIxODRiMmQ3Njp7InNlbGVjdGVkX3dlZWsiOjN9','2020-09-16 02:42:26.325535'),('cek9z34xa29tdjkrcc8lwzukxnkyn3yw','NDU2YzdhNDdmMTY3NDBkMDBkNzgxMWZmYzg2NDhiZDIxODRiMmQ3Njp7InNlbGVjdGVkX3dlZWsiOjN9','2020-06-05 21:10:36.937656'),('cgldsfxhsjkxuubk0f1ya3l41vrxomtj','NDU2YzdhNDdmMTY3NDBkMDBkNzgxMWZmYzg2NDhiZDIxODRiMmQ3Njp7InNlbGVjdGVkX3dlZWsiOjN9','2020-07-01 03:53:14.853351'),('cja05mres45qu0k41tyypffapp7kvcjh','NDU2YzdhNDdmMTY3NDBkMDBkNzgxMWZmYzg2NDhiZDIxODRiMmQ3Njp7InNlbGVjdGVkX3dlZWsiOjN9','2020-06-27 18:09:06.708426'),('cl0nhnkfsj5fsc9djyo2fda116y9uo9c','NDU2YzdhNDdmMTY3NDBkMDBkNzgxMWZmYzg2NDhiZDIxODRiMmQ3Njp7InNlbGVjdGVkX3dlZWsiOjN9','2020-11-29 22:03:53.026115'),('cpm01im88l43hsgrf2qp3b1dkwwz3c0q','NDU2YzdhNDdmMTY3NDBkMDBkNzgxMWZmYzg2NDhiZDIxODRiMmQ3Njp7InNlbGVjdGVkX3dlZWsiOjN9','2020-09-27 20:21:50.103767'),('cqzzuho0vzo3cr1bze8tbx17p91alvbi','YjQ4YWQwMTMyZDJjNTA1MWM0MWNmZDhjYTkwZDQ1NmI1ZjQ5OTI1ZTp7InNlbGVjdGVkX3dlZWsiOjYsImNhcnRfaWQiOjMzLCJpdGVtc190b3RhbCI6MH0=','2020-09-26 19:50:07.503314'),('csabg7k75atc0osttgvdfvglmq2d17yk','MGFhYTA3OGZmYmZmZGViY2ViYzdkZTk1ZmViNTY1OTZjMTFlMjE4YTp7InNlbGVjdGVkX3dlZWsiOjIsImNhcnRfaWQiOjMwLCJpdGVtc190b3RhbCI6MzF9','2020-09-28 12:35:44.428327'),('ctamco7vdf4o1n5vlxp9rt3xzjbnpw6s','M2Y3NDIyMDBiNTExYzRkY2M3ZGUyMGE5ODMyMmI4NDgzMTI3MjhmZTp7InNlbGVjdGVkX3dlZWsiOjQsImNhcnRfaWQiOjM2LCJpdGVtc190b3RhbCI6MH0=','2020-11-05 04:41:09.313227'),('cufyozixsl2u96ojqq70i0pagh01flel','NDU2YzdhNDdmMTY3NDBkMDBkNzgxMWZmYzg2NDhiZDIxODRiMmQ3Njp7InNlbGVjdGVkX3dlZWsiOjN9','2020-07-27 00:37:26.817523'),('cx0rdtjnfizoktbc4rtnlvgn29gg1mmy','ZTRiYWY2Y2VmZjZmNzQxMzgzNDRkOWJiZjI3Y2E1MzBhZjg3ZWJlNDp7InNlbGVjdGVkX3dlZWsiOjMsImNhcnRfaWQiOjMwLCJpdGVtc190b3RhbCI6MzF9','2020-09-27 00:28:41.081665'),('cx2975izp8lpj86pzuduunu29r3gryox','NDU2YzdhNDdmMTY3NDBkMDBkNzgxMWZmYzg2NDhiZDIxODRiMmQ3Njp7InNlbGVjdGVkX3dlZWsiOjN9','2020-12-05 05:08:21.289982'),('cz8htcjo58ww2lmqppt0hmx6ysq0ocyh','NDU2YzdhNDdmMTY3NDBkMDBkNzgxMWZmYzg2NDhiZDIxODRiMmQ3Njp7InNlbGVjdGVkX3dlZWsiOjN9','2020-08-05 13:43:03.164228'),('czn16yfqcxcvl12hqvbmm86qyveee0pk','NDU2YzdhNDdmMTY3NDBkMDBkNzgxMWZmYzg2NDhiZDIxODRiMmQ3Njp7InNlbGVjdGVkX3dlZWsiOjN9','2020-09-11 11:43:24.867356'),('czz4fjcofzbcanmphoi4s9hlcqwyoiyq','NjM2NDU5ZTFlNzMwODJkZTkxNGIwNmM1N2U2Yjc3MGFiZDQzYjU4Mjp7InNlbGVjdGVkX3dlZWsiOjYsImNhcnRfaWQiOjI5LCJpdGVtc190b3RhbCI6MH0=','2020-08-27 16:43:08.793840'),('d1j58v53taj0fzmkr1yaxh940aidtcdb','OTJiMTgzYTFjODYzNjc1YjhjODM5MTlhNzIxMDRhNWRmZjQ1MDE1NDp7InNlbGVjdGVkX3dlZWsiOjMsImNhcnRfaWQiOjM5LCJpdGVtc190b3RhbCI6MzN9','2020-12-05 10:26:50.068952'),('d26qtuhxgz2giwyu4jueh646ao0lac1c','YjQ4YWQwMTMyZDJjNTA1MWM0MWNmZDhjYTkwZDQ1NmI1ZjQ5OTI1ZTp7InNlbGVjdGVkX3dlZWsiOjYsImNhcnRfaWQiOjMzLCJpdGVtc190b3RhbCI6MH0=','2020-09-25 15:06:42.983008'),('d2fumx83oufi7ni3sk8ix41ndicowapi','NDU2YzdhNDdmMTY3NDBkMDBkNzgxMWZmYzg2NDhiZDIxODRiMmQ3Njp7InNlbGVjdGVkX3dlZWsiOjN9','2020-12-09 02:21:44.987892'),('d4kz6qm2phwtqvv2flzngxokhrphmgou','NTJmZjA1ODJjNmZjZjlkNTA3NTQ3OTRkMTM2OTM0MjZkNmQyMWIyOTp7InNlbGVjdGVkX3dlZWsiOjMsIl9hdXRoX3VzZXJfaWQiOiIxIiwiX2F1dGhfdXNlcl9iYWNrZW5kIjoiZGphbmdvLmNvbnRyaWIuYXV0aC5iYWNrZW5kcy5Nb2RlbEJhY2tlbmQiLCJfYXV0aF91c2VyX2hhc2giOiJiN2FhZTdkMmI2MDNhMjFlYzU3NWJiZjUwYzRhZDIyOGYzYTQ5MDMxIiwiY2FydF9pZCI6MzEsIml0ZW1zX3RvdGFsIjo3fQ==','2020-09-28 06:27:57.500077'),('d5emffvvgomiav79vl5x1so9716ljeoj','NDU2YzdhNDdmMTY3NDBkMDBkNzgxMWZmYzg2NDhiZDIxODRiMmQ3Njp7InNlbGVjdGVkX3dlZWsiOjN9','2020-10-29 08:33:47.338755'),('d8mwnw8duy29d18tm7wpj53lqsg4t2ry','NDU2YzdhNDdmMTY3NDBkMDBkNzgxMWZmYzg2NDhiZDIxODRiMmQ3Njp7InNlbGVjdGVkX3dlZWsiOjN9','2020-07-19 16:29:29.874315'),('das445hnlovv7ylwe9chaazudjkjgb3a','NDU2YzdhNDdmMTY3NDBkMDBkNzgxMWZmYzg2NDhiZDIxODRiMmQ3Njp7InNlbGVjdGVkX3dlZWsiOjN9','2020-10-20 08:42:36.722632'),('dc4z5um53gtjgh4op4ly0odfxo2lad89','YjJiOWMyYWMwNWE0N2I0MDZjN2RjYWMxZmJkNDA5NjU3ZGRjMmE4Mjp7InNlbGVjdGVkX3dlZWsiOjYsImNhcnRfaWQiOjMxLCJpdGVtc190b3RhbCI6MH0=','2020-09-13 16:20:09.716676'),('ddr2my49gp44a23310zkt8cdnwzb3qof','YTZhZTQ4MDVkM2I2OTM3YzU0NzEyZjNkM2I2NTVkNzJkYmRkMDdkZjp7InNlbGVjdGVkX3dlZWsiOjMsImNhcnRfaWQiOjMzLCJpdGVtc190b3RhbCI6MjB9','2020-10-14 12:46:49.000908'),('de83hjy2r15dcjq5g3ear8a8vde8sj74','NDU2YzdhNDdmMTY3NDBkMDBkNzgxMWZmYzg2NDhiZDIxODRiMmQ3Njp7InNlbGVjdGVkX3dlZWsiOjN9','2020-05-19 02:22:37.716369'),('deli7wl6hfpyw06654f8snvrh2tneqga','NDU2YzdhNDdmMTY3NDBkMDBkNzgxMWZmYzg2NDhiZDIxODRiMmQ3Njp7InNlbGVjdGVkX3dlZWsiOjN9','2020-11-28 15:10:10.219379'),('dfktu0t360fjvvuhi2fqhguwrjw27bri','NDU2YzdhNDdmMTY3NDBkMDBkNzgxMWZmYzg2NDhiZDIxODRiMmQ3Njp7InNlbGVjdGVkX3dlZWsiOjN9','2020-08-27 22:45:17.762259'),('dg8m9nb833hdn7nx9eumf84iy6y946co','NDU2YzdhNDdmMTY3NDBkMDBkNzgxMWZmYzg2NDhiZDIxODRiMmQ3Njp7InNlbGVjdGVkX3dlZWsiOjN9','2020-11-12 09:27:48.303723'),('dh86fg47fiu98c48k3igr0cf3miehi45','NDU2YzdhNDdmMTY3NDBkMDBkNzgxMWZmYzg2NDhiZDIxODRiMmQ3Njp7InNlbGVjdGVkX3dlZWsiOjN9','2020-08-01 12:04:42.899729'),('dih1xeav0awq4lrb6m3xtvtjt46d7a0d','ZjAyYjhiOTFjMzM5ZGY1OTFhMDJmZmE5M2Y1Yjc0NmExN2QwYTJmZDp7Il9hdXRoX3VzZXJfaWQiOiIxIiwiX2F1dGhfdXNlcl9iYWNrZW5kIjoiZGphbmdvLmNvbnRyaWIuYXV0aC5iYWNrZW5kcy5Nb2RlbEJhY2tlbmQiLCJfYXV0aF91c2VyX2hhc2giOiJiN2FhZTdkMmI2MDNhMjFlYzU3NWJiZjUwYzRhZDIyOGYzYTQ5MDMxIiwiY2FydF9pZCI6MTcsIml0ZW1zX3RvdGFsIjo3LCJzZWxlY3RlZF93ZWVrIjozfQ==','2020-06-24 05:21:36.697094'),('ditx9424whq9waa8k7sg5tenxokk4uec','NDU2YzdhNDdmMTY3NDBkMDBkNzgxMWZmYzg2NDhiZDIxODRiMmQ3Njp7InNlbGVjdGVkX3dlZWsiOjN9','2020-08-20 20:05:45.902909'),('dix38awptd1yhdmmyqipn8pyc5u85ec3','NDU2YzdhNDdmMTY3NDBkMDBkNzgxMWZmYzg2NDhiZDIxODRiMmQ3Njp7InNlbGVjdGVkX3dlZWsiOjN9','2020-11-09 04:24:35.410438'),('dmfev9791tbf492wmcidtt1dlc0rzvfc','NDU2YzdhNDdmMTY3NDBkMDBkNzgxMWZmYzg2NDhiZDIxODRiMmQ3Njp7InNlbGVjdGVkX3dlZWsiOjN9','2020-06-16 01:21:09.793675'),('dn0ozh3k7wew3j5w81gpcvxph083uwjm','NDU2YzdhNDdmMTY3NDBkMDBkNzgxMWZmYzg2NDhiZDIxODRiMmQ3Njp7InNlbGVjdGVkX3dlZWsiOjN9','2020-09-05 07:35:22.714517'),('dp3drh6a82105rsgfh9xtb40qq5x5x3x','YTAyNDQyZTMyNjc4N2UyZDc0NTI4NzFhZDA5MDNmYzVjMDI3NmRiMjp7InNlbGVjdGVkX3dlZWsiOjIsImNhcnRfaWQiOjQwLCJpdGVtc190b3RhbCI6Mjh9','2020-12-05 09:12:13.321575'),('dpwa99hgiupdohv94zh4zkynfrsfp0bt','NDU2YzdhNDdmMTY3NDBkMDBkNzgxMWZmYzg2NDhiZDIxODRiMmQ3Njp7InNlbGVjdGVkX3dlZWsiOjN9','2020-11-29 09:30:52.668326'),('dvxrvoz2anmi632rawrt4gabka7qj5th','NDU2YzdhNDdmMTY3NDBkMDBkNzgxMWZmYzg2NDhiZDIxODRiMmQ3Njp7InNlbGVjdGVkX3dlZWsiOjN9','2020-09-22 23:00:26.576595'),('dx42awdf3n6pv3wfjn8mpgyhmkbzhvxa','NDU2YzdhNDdmMTY3NDBkMDBkNzgxMWZmYzg2NDhiZDIxODRiMmQ3Njp7InNlbGVjdGVkX3dlZWsiOjN9','2020-09-12 01:19:51.609188'),('dzavcwx948egftrvgkzcmc3d7swxw9cf','NDU2YzdhNDdmMTY3NDBkMDBkNzgxMWZmYzg2NDhiZDIxODRiMmQ3Njp7InNlbGVjdGVkX3dlZWsiOjN9','2020-08-04 09:33:17.559434'),('e2rsvprbprsd8uyrmpa6fsupiu51rydy','NDU2YzdhNDdmMTY3NDBkMDBkNzgxMWZmYzg2NDhiZDIxODRiMmQ3Njp7InNlbGVjdGVkX3dlZWsiOjN9','2020-08-28 19:07:04.295445'),('e3gh1571hjvgo0h2k2o9jhal7p6lltsh','NDU2YzdhNDdmMTY3NDBkMDBkNzgxMWZmYzg2NDhiZDIxODRiMmQ3Njp7InNlbGVjdGVkX3dlZWsiOjN9','2020-07-28 12:10:18.159210'),('e5iqlzm3j4dxj7wruejrfyuyu755yj8v','NDU2YzdhNDdmMTY3NDBkMDBkNzgxMWZmYzg2NDhiZDIxODRiMmQ3Njp7InNlbGVjdGVkX3dlZWsiOjN9','2020-11-30 03:16:00.922637'),('e7lg4h3xs2pujx8ucapnvthjxennktfy','NDU2YzdhNDdmMTY3NDBkMDBkNzgxMWZmYzg2NDhiZDIxODRiMmQ3Njp7InNlbGVjdGVkX3dlZWsiOjN9','2020-12-03 09:44:12.391880'),('e9vtohn29kku0thz4xb3ul1kld6rboat','NDU2YzdhNDdmMTY3NDBkMDBkNzgxMWZmYzg2NDhiZDIxODRiMmQ3Njp7InNlbGVjdGVkX3dlZWsiOjN9','2020-09-18 19:38:45.038028'),('echg5uvodb6ap3qw5aoybhb90c72mz5j','YjQ4YWQwMTMyZDJjNTA1MWM0MWNmZDhjYTkwZDQ1NmI1ZjQ5OTI1ZTp7InNlbGVjdGVkX3dlZWsiOjYsImNhcnRfaWQiOjMzLCJpdGVtc190b3RhbCI6MH0=','2020-09-27 22:09:26.733916'),('egwifslf2e4rd4lk36lbursbwk191zot','NDU2YzdhNDdmMTY3NDBkMDBkNzgxMWZmYzg2NDhiZDIxODRiMmQ3Njp7InNlbGVjdGVkX3dlZWsiOjN9','2020-07-22 14:16:33.981453'),('eirzuy0dqcukpotwybly5eutbr2m81ze','NDU2YzdhNDdmMTY3NDBkMDBkNzgxMWZmYzg2NDhiZDIxODRiMmQ3Njp7InNlbGVjdGVkX3dlZWsiOjN9','2020-06-01 22:59:07.952812'),('ek4fgy6zeyjbzazn0gihemrko165fdr1','ZGI3ZDQ1NzIyZjg1MDM5OGM5ZDQ0ZjNjNmYwZjJiZWVhOGQ5NWJmYTp7InNlbGVjdGVkX3dlZWsiOjMsIl9hdXRoX3VzZXJfaWQiOiIxIiwiX2F1dGhfdXNlcl9iYWNrZW5kIjoiZGphbmdvLmNvbnRyaWIuYXV0aC5iYWNrZW5kcy5Nb2RlbEJhY2tlbmQiLCJfYXV0aF91c2VyX2hhc2giOiJiN2FhZTdkMmI2MDNhMjFlYzU3NWJiZjUwYzRhZDIyOGYzYTQ5MDMxIiwiY2FydF9pZCI6MzksIml0ZW1zX3RvdGFsIjozM30=','2020-12-05 19:00:16.156944'),('elqrlzq1jdbgtwz7ywvop5kd5bj27gf8','NDU2YzdhNDdmMTY3NDBkMDBkNzgxMWZmYzg2NDhiZDIxODRiMmQ3Njp7InNlbGVjdGVkX3dlZWsiOjN9','2020-06-16 21:11:58.057688'),('emu55sjaoty88irgb10ndang619rx0kz','NDU2YzdhNDdmMTY3NDBkMDBkNzgxMWZmYzg2NDhiZDIxODRiMmQ3Njp7InNlbGVjdGVkX3dlZWsiOjN9','2020-09-15 18:01:56.951187'),('en18d2gznb72ipd86z9ulmc25jynihai','NDU2YzdhNDdmMTY3NDBkMDBkNzgxMWZmYzg2NDhiZDIxODRiMmQ3Njp7InNlbGVjdGVkX3dlZWsiOjN9','2020-08-08 15:50:31.304548'),('engwkc442v9izowv59y63p0qkb2gq2rc','NDU2YzdhNDdmMTY3NDBkMDBkNzgxMWZmYzg2NDhiZDIxODRiMmQ3Njp7InNlbGVjdGVkX3dlZWsiOjN9','2020-08-01 12:44:42.959976'),('ep6f16uj4vpt1qg6gsvfl3q2amvt1mo2','NDU2YzdhNDdmMTY3NDBkMDBkNzgxMWZmYzg2NDhiZDIxODRiMmQ3Njp7InNlbGVjdGVkX3dlZWsiOjN9','2020-11-15 18:36:27.520382'),('epqxqcstd34wvplg5zq76x0baesqvnzg','MTBjMDA2OTNjNjhlZTJmYzRkZGEyNWE3NDU0ODFlYzhlNWFiMzYyOTp7InNlbGVjdGVkX3dlZWsiOjIsImNhcnRfaWQiOjM2LCJpdGVtc190b3RhbCI6MzB9','2020-11-17 21:22:18.353606'),('eq7gg0qvsy9wxuw8ji2uglc8hq4s186f','NDU2YzdhNDdmMTY3NDBkMDBkNzgxMWZmYzg2NDhiZDIxODRiMmQ3Njp7InNlbGVjdGVkX3dlZWsiOjN9','2020-09-19 18:08:18.385789'),('eqv36vsp3d11itylxo75dqn4ozijzkvj','NDU2YzdhNDdmMTY3NDBkMDBkNzgxMWZmYzg2NDhiZDIxODRiMmQ3Njp7InNlbGVjdGVkX3dlZWsiOjN9','2020-08-31 02:24:20.816573'),('ercdhnp5ze440xazng5xvwmj2vc6dosh','NDU2YzdhNDdmMTY3NDBkMDBkNzgxMWZmYzg2NDhiZDIxODRiMmQ3Njp7InNlbGVjdGVkX3dlZWsiOjN9','2020-09-30 08:37:27.635134'),('esu6vuc19utv38ovsbeb5tz0cd8ff7qm','NDU2YzdhNDdmMTY3NDBkMDBkNzgxMWZmYzg2NDhiZDIxODRiMmQ3Njp7InNlbGVjdGVkX3dlZWsiOjN9','2020-07-02 23:06:33.623773'),('eu0s2oa1cr06tp9fvhelqp3l2s3cnlbh','NDU2YzdhNDdmMTY3NDBkMDBkNzgxMWZmYzg2NDhiZDIxODRiMmQ3Njp7InNlbGVjdGVkX3dlZWsiOjN9','2020-10-01 12:25:43.850892'),('eu27w5jzwxtgd29sgm939h2jqrmoy8xf','NDU2YzdhNDdmMTY3NDBkMDBkNzgxMWZmYzg2NDhiZDIxODRiMmQ3Njp7InNlbGVjdGVkX3dlZWsiOjN9','2020-09-14 09:42:47.213650'),('euaczxun46sft9dnkka3q254mj8oej23','NDU2YzdhNDdmMTY3NDBkMDBkNzgxMWZmYzg2NDhiZDIxODRiMmQ3Njp7InNlbGVjdGVkX3dlZWsiOjN9','2020-10-11 21:40:03.437581'),('eui8co6ue50ii68hnoi72i90cmz7ktka','NDU2YzdhNDdmMTY3NDBkMDBkNzgxMWZmYzg2NDhiZDIxODRiMmQ3Njp7InNlbGVjdGVkX3dlZWsiOjN9','2020-11-12 17:19:58.513460'),('euq8xly649lww4mv9ngmxqretlzd2j1q','ZWQ1OTlmZThhNmI3NWFhZjNhYjBhNWI0OWNiYTk5MWE3ZjUxZTEwNjp7InNlbGVjdGVkX3dlZWsiOjAsImNhcnRfaWQiOjE4LCJpdGVtc190b3RhbCI6Mjd9','2020-07-24 08:06:54.814926'),('ev90qcp5wcuyg2df0kfise26nrn3dc97','NDU2YzdhNDdmMTY3NDBkMDBkNzgxMWZmYzg2NDhiZDIxODRiMmQ3Njp7InNlbGVjdGVkX3dlZWsiOjN9','2020-08-06 10:48:56.736378'),('evgmmpf16o10u8590i7gfd1tvlc6to79','NDU2YzdhNDdmMTY3NDBkMDBkNzgxMWZmYzg2NDhiZDIxODRiMmQ3Njp7InNlbGVjdGVkX3dlZWsiOjN9','2020-07-07 07:17:29.701121'),('ewy2sgsmqrvy5rwfupjgb41fkmdd366q','NDU2YzdhNDdmMTY3NDBkMDBkNzgxMWZmYzg2NDhiZDIxODRiMmQ3Njp7InNlbGVjdGVkX3dlZWsiOjN9','2020-05-31 11:21:23.060140'),('f1iyzkrt702nimdeyk6ijo3x7l1qer5a','YjQ4YWQwMTMyZDJjNTA1MWM0MWNmZDhjYTkwZDQ1NmI1ZjQ5OTI1ZTp7InNlbGVjdGVkX3dlZWsiOjYsImNhcnRfaWQiOjMzLCJpdGVtc190b3RhbCI6MH0=','2020-09-26 05:07:28.460644'),('f1wf8kkx1f5dcm5nmlceqel7eh9o0r9x','NDU2YzdhNDdmMTY3NDBkMDBkNzgxMWZmYzg2NDhiZDIxODRiMmQ3Njp7InNlbGVjdGVkX3dlZWsiOjN9','2020-09-27 08:59:54.742331'),('f2id49hb471f8orkk26lu9q64v4iot0k','NDU2YzdhNDdmMTY3NDBkMDBkNzgxMWZmYzg2NDhiZDIxODRiMmQ3Njp7InNlbGVjdGVkX3dlZWsiOjN9','2020-09-09 03:58:05.255660'),('f4kfontvglgh9oxxd0i3c2tjinja7s8b','NDU2YzdhNDdmMTY3NDBkMDBkNzgxMWZmYzg2NDhiZDIxODRiMmQ3Njp7InNlbGVjdGVkX3dlZWsiOjN9','2020-09-27 20:50:25.218010'),('f60otjy8wt07ze5vim12k0fpdzqu9lii','NDU2YzdhNDdmMTY3NDBkMDBkNzgxMWZmYzg2NDhiZDIxODRiMmQ3Njp7InNlbGVjdGVkX3dlZWsiOjN9','2020-11-30 18:15:54.110449'),('f6352myef2v4y19kq08pdxkvryk9oke4','NDU2YzdhNDdmMTY3NDBkMDBkNzgxMWZmYzg2NDhiZDIxODRiMmQ3Njp7InNlbGVjdGVkX3dlZWsiOjN9','2020-11-21 21:30:27.787048'),('f63pkcg3m6q48u9lfz9y1a6mt2x3tsxw','NDU2YzdhNDdmMTY3NDBkMDBkNzgxMWZmYzg2NDhiZDIxODRiMmQ3Njp7InNlbGVjdGVkX3dlZWsiOjN9','2020-11-03 10:13:37.917891'),('f7aysyk4un3u5sh1j3xi998wpou83sss','NDU2YzdhNDdmMTY3NDBkMDBkNzgxMWZmYzg2NDhiZDIxODRiMmQ3Njp7InNlbGVjdGVkX3dlZWsiOjN9','2020-08-22 23:13:41.735775'),('f7ndyjdfpwxd7akrbz84y1v6cyitzfzd','MTM2OTNkNWFmZWEzYTFhMWQ0ZTNkNjZmZDBhNjM5MjFiMGVlMjA3Njp7InNlbGVjdGVkX3dlZWsiOjUsImNhcnRfaWQiOjM1LCJpdGVtc190b3RhbCI6MH0=','2020-10-14 17:45:35.239769'),('f9ds13m2r3datkm6j4cxcctjie2yaqr9','ZTFmYjA5Mzc1NTI3MDE5NWIxMDdlYmMwNzY2NTU5NGIwYTcyYzQ3NDp7InNlbGVjdGVkX3dlZWsiOjAsImNhcnRfaWQiOjIyLCJpdGVtc190b3RhbCI6MzJ9','2020-08-17 10:46:43.272866'),('f9l0l8icxp322iwdwg0ivecebilgb60v','NDU2YzdhNDdmMTY3NDBkMDBkNzgxMWZmYzg2NDhiZDIxODRiMmQ3Njp7InNlbGVjdGVkX3dlZWsiOjN9','2020-09-28 13:16:29.462342'),('falvkq4jwfrwq8gahy223mlnsmqlhnwh','NDU2YzdhNDdmMTY3NDBkMDBkNzgxMWZmYzg2NDhiZDIxODRiMmQ3Njp7InNlbGVjdGVkX3dlZWsiOjN9','2020-09-30 05:18:11.069111'),('ffy0vdyafkivw0ajpx7tlnbtdhwavyv8','NDU2YzdhNDdmMTY3NDBkMDBkNzgxMWZmYzg2NDhiZDIxODRiMmQ3Njp7InNlbGVjdGVkX3dlZWsiOjN9','2020-11-30 11:34:58.792623'),('fg2ri8e2uzz5nlzd0h2blbc7z22xfofe','NDU2YzdhNDdmMTY3NDBkMDBkNzgxMWZmYzg2NDhiZDIxODRiMmQ3Njp7InNlbGVjdGVkX3dlZWsiOjN9','2020-12-04 16:02:35.717693'),('fg3dkn7zd0yikhf2ypwupq76438ypjgd','NDU2YzdhNDdmMTY3NDBkMDBkNzgxMWZmYzg2NDhiZDIxODRiMmQ3Njp7InNlbGVjdGVkX3dlZWsiOjN9','2020-10-17 18:38:46.351835'),('fibqatyxptwl613qktbqkbn908a61tyn','NDU2YzdhNDdmMTY3NDBkMDBkNzgxMWZmYzg2NDhiZDIxODRiMmQ3Njp7InNlbGVjdGVkX3dlZWsiOjN9','2020-10-26 12:08:36.119922'),('fjtkv1pgkfgdpwedct35828oicsbd56u','NDU2YzdhNDdmMTY3NDBkMDBkNzgxMWZmYzg2NDhiZDIxODRiMmQ3Njp7InNlbGVjdGVkX3dlZWsiOjN9','2020-11-12 04:05:36.807087'),('fk9jklfld105ux7ccrvp62dfemepwh6i','NDU2YzdhNDdmMTY3NDBkMDBkNzgxMWZmYzg2NDhiZDIxODRiMmQ3Njp7InNlbGVjdGVkX3dlZWsiOjN9','2020-07-01 03:53:15.745455'),('fq9acq9e7en5t7gmsew040lg1oji1o7w','NDU2YzdhNDdmMTY3NDBkMDBkNzgxMWZmYzg2NDhiZDIxODRiMmQ3Njp7InNlbGVjdGVkX3dlZWsiOjN9','2020-07-30 22:24:35.767500'),('fqz0x9i1ugrxggbbhfkc57o31xyjt7bi','YWZlZjdhZjEyYTU3ZjcwODg1YjVmNGYxYWNkYjZkMzFmZGNkYzdlMTp7InNlbGVjdGVkX3dlZWsiOjAsImNhcnRfaWQiOjE1LCJpdGVtc190b3RhbCI6MH0=','2020-05-31 12:27:29.710135'),('frjdcr2ma6gs4pyin3nge6m2cwspw4ic','NDU2YzdhNDdmMTY3NDBkMDBkNzgxMWZmYzg2NDhiZDIxODRiMmQ3Njp7InNlbGVjdGVkX3dlZWsiOjN9','2020-07-20 19:14:35.080263'),('fx5lof44q8in09c478d33tkothzuzatr','NDU2YzdhNDdmMTY3NDBkMDBkNzgxMWZmYzg2NDhiZDIxODRiMmQ3Njp7InNlbGVjdGVkX3dlZWsiOjN9','2020-10-27 22:33:44.249551'),('g09a49uf1er3nrpqllr3n6gb1bek8u85','MzQyMjQ5MWRjZjcwY2VhNmY2MmYzZDNhOTk2MGU0ZWM2NmQ4ZjNhNzp7InNlbGVjdGVkX3dlZWsiOjMsImNhcnRfaWQiOjMxLCJpdGVtc190b3RhbCI6MjQsIl9hdXRoX3VzZXJfaWQiOiIxIiwiX2F1dGhfdXNlcl9iYWNrZW5kIjoiZGphbmdvLmNvbnRyaWIuYXV0aC5iYWNrZW5kcy5Nb2RlbEJhY2tlbmQiLCJfYXV0aF91c2VyX2hhc2giOiJiN2FhZTdkMmI2MDNhMjFlYzU3NWJiZjUwYzRhZDIyOGYzYTQ5MDMxIn0=','2020-10-01 02:41:19.714154'),('g1hzqp7g6gqsi8eg0mbpomvgkt683ot1','NDU2YzdhNDdmMTY3NDBkMDBkNzgxMWZmYzg2NDhiZDIxODRiMmQ3Njp7InNlbGVjdGVkX3dlZWsiOjN9','2020-09-23 03:44:37.999263'),('g3bq07dngeuj49c68d3jdkjhq0d8ovu4','NDU2YzdhNDdmMTY3NDBkMDBkNzgxMWZmYzg2NDhiZDIxODRiMmQ3Njp7InNlbGVjdGVkX3dlZWsiOjN9','2020-09-02 05:20:48.864086'),('g5b74art3agqdslpei7li57pt0e9at8v','NDU2YzdhNDdmMTY3NDBkMDBkNzgxMWZmYzg2NDhiZDIxODRiMmQ3Njp7InNlbGVjdGVkX3dlZWsiOjN9','2020-05-31 11:21:26.041285'),('g7c3qmbvue789htkphapwa07amqhfyg6','ZDU5MDI2NjQ3N2FjOGIxNjRiYWRjYzI2NTg0Njc0ZjlhNGMzZDUwMzp7InNlbGVjdGVkX3dlZWsiOjAsImNhcnRfaWQiOjI2LCJpdGVtc190b3RhbCI6Mjh9','2020-09-17 10:06:57.713592'),('g8zk5z6ds6274xd62ebti2s0eyus4qk7','NDU2YzdhNDdmMTY3NDBkMDBkNzgxMWZmYzg2NDhiZDIxODRiMmQ3Njp7InNlbGVjdGVkX3dlZWsiOjN9','2020-12-05 23:44:38.072778'),('gap0q0rru6pesku77x948x9qc6xs8j33','NDU2YzdhNDdmMTY3NDBkMDBkNzgxMWZmYzg2NDhiZDIxODRiMmQ3Njp7InNlbGVjdGVkX3dlZWsiOjN9','2020-11-21 18:52:27.183677'),('gb7bf0j8h2bpzt0d6g102qxxyxg9ytp1','NDU2YzdhNDdmMTY3NDBkMDBkNzgxMWZmYzg2NDhiZDIxODRiMmQ3Njp7InNlbGVjdGVkX3dlZWsiOjN9','2020-10-15 12:11:45.727649'),('gbizuro08q7ulqp1lvnesairr3sufyap','NDU2YzdhNDdmMTY3NDBkMDBkNzgxMWZmYzg2NDhiZDIxODRiMmQ3Njp7InNlbGVjdGVkX3dlZWsiOjN9','2020-11-14 12:09:32.162821'),('getnee39tfunvw0vi40yes5ez66u0su0','NDU2YzdhNDdmMTY3NDBkMDBkNzgxMWZmYzg2NDhiZDIxODRiMmQ3Njp7InNlbGVjdGVkX3dlZWsiOjN9','2020-11-10 11:21:57.894447'),('gf9643umdz3m0g9q01qo4j1e2i5qyp73','NDU2YzdhNDdmMTY3NDBkMDBkNzgxMWZmYzg2NDhiZDIxODRiMmQ3Njp7InNlbGVjdGVkX3dlZWsiOjN9','2020-07-19 08:01:22.664252'),('gi717vyikczsqavxa7356fiir0fb1vfa','NDU2YzdhNDdmMTY3NDBkMDBkNzgxMWZmYzg2NDhiZDIxODRiMmQ3Njp7InNlbGVjdGVkX3dlZWsiOjN9','2020-10-11 21:40:03.463217'),('gitllxusrepzhy69wqg2hrp8tm2mf8us','NDU2YzdhNDdmMTY3NDBkMDBkNzgxMWZmYzg2NDhiZDIxODRiMmQ3Njp7InNlbGVjdGVkX3dlZWsiOjN9','2020-10-30 02:35:56.261747'),('gjqgldk082wfdxpesmaldra8kepvaosz','NDU2YzdhNDdmMTY3NDBkMDBkNzgxMWZmYzg2NDhiZDIxODRiMmQ3Njp7InNlbGVjdGVkX3dlZWsiOjN9','2020-09-02 10:00:54.965094'),('gky62xzceynqcp1qz8kuhobh8cx65c84','NDU2YzdhNDdmMTY3NDBkMDBkNzgxMWZmYzg2NDhiZDIxODRiMmQ3Njp7InNlbGVjdGVkX3dlZWsiOjN9','2020-05-30 17:42:49.668410'),('gmeccwo804vgloi4pl0tfv8eyf9lgw4x','NTA0MzdhM2IzNGY2MGZkNmU5ZDIyMDY2NzAwZjU4MGRlOThlNWQ5OTp7Il9hdXRoX3VzZXJfaWQiOiIxIiwiX2F1dGhfdXNlcl9iYWNrZW5kIjoiZGphbmdvLmNvbnRyaWIuYXV0aC5iYWNrZW5kcy5Nb2RlbEJhY2tlbmQiLCJfYXV0aF91c2VyX2hhc2giOiJiN2FhZTdkMmI2MDNhMjFlYzU3NWJiZjUwYzRhZDIyOGYzYTQ5MDMxIiwiY2FydF9pZCI6NTMsIml0ZW1zX3RvdGFsIjo1fQ==','2020-02-04 03:47:51.588000'),('gnrjaxppxi3fw4qdlwwplbbwbz38xpxh','NDU2YzdhNDdmMTY3NDBkMDBkNzgxMWZmYzg2NDhiZDIxODRiMmQ3Njp7InNlbGVjdGVkX3dlZWsiOjN9','2020-09-23 02:23:45.879568'),('gusi3cursu4q7tljftkuajhkxmmxuk1m','NDU2YzdhNDdmMTY3NDBkMDBkNzgxMWZmYzg2NDhiZDIxODRiMmQ3Njp7InNlbGVjdGVkX3dlZWsiOjN9','2020-10-26 15:37:51.104916'),('gv1ryqn8fr29prc6hsch4bo00lh37jhx','OTNkYmFkMWQyMGYxZTJkNDdmNjkwYWNmMjYwYTU3ZWJhYzgyYjA1NDp7InNlbGVjdGVkX3dlZWsiOjUsImNhcnRfaWQiOjMyLCJpdGVtc190b3RhbCI6MH0=','2020-09-26 06:13:14.514367'),('gvob4w870ombiryitbb9vp2qekn0cfu4','NDU2YzdhNDdmMTY3NDBkMDBkNzgxMWZmYzg2NDhiZDIxODRiMmQ3Njp7InNlbGVjdGVkX3dlZWsiOjN9','2020-12-08 20:34:32.688359'),('gzi2qu9pd5ke1d22vy453iedwf2aceg6','NDU2YzdhNDdmMTY3NDBkMDBkNzgxMWZmYzg2NDhiZDIxODRiMmQ3Njp7InNlbGVjdGVkX3dlZWsiOjN9','2020-07-08 16:55:31.365785'),('h2alili19v8hwh12jm5hungne1lzc6uw','NDU2YzdhNDdmMTY3NDBkMDBkNzgxMWZmYzg2NDhiZDIxODRiMmQ3Njp7InNlbGVjdGVkX3dlZWsiOjN9','2020-07-25 14:34:54.517984'),('h4d823cm1cgy9yv1u28cp3ktu6dnv9z9','NDU2YzdhNDdmMTY3NDBkMDBkNzgxMWZmYzg2NDhiZDIxODRiMmQ3Njp7InNlbGVjdGVkX3dlZWsiOjN9','2020-11-27 13:00:12.459148'),('h4kxoxd4yihc389t8mn5vnf5na5hjc23','NDU2YzdhNDdmMTY3NDBkMDBkNzgxMWZmYzg2NDhiZDIxODRiMmQ3Njp7InNlbGVjdGVkX3dlZWsiOjN9','2020-09-08 19:18:36.803734'),('h5rke8z00h86gmgoruchqttyggvz1xre','NDU2YzdhNDdmMTY3NDBkMDBkNzgxMWZmYzg2NDhiZDIxODRiMmQ3Njp7InNlbGVjdGVkX3dlZWsiOjN9','2020-07-20 22:25:24.079959'),('h6041n67i3ml78qq87pqlza7j8guexfu','NDU2YzdhNDdmMTY3NDBkMDBkNzgxMWZmYzg2NDhiZDIxODRiMmQ3Njp7InNlbGVjdGVkX3dlZWsiOjN9','2020-07-29 15:20:32.747706'),('h666x4ah3r4ezh7kj2ejhaxe8nw7afl5','NDU2YzdhNDdmMTY3NDBkMDBkNzgxMWZmYzg2NDhiZDIxODRiMmQ3Njp7InNlbGVjdGVkX3dlZWsiOjN9','2020-09-09 20:11:31.110601'),('h6wdwk60wk7xsc2k3njo4ttxj60trwxy','NDU2YzdhNDdmMTY3NDBkMDBkNzgxMWZmYzg2NDhiZDIxODRiMmQ3Njp7InNlbGVjdGVkX3dlZWsiOjN9','2020-08-12 22:54:59.571728'),('h70ehfqse4wz3yzl1q68piomeu0le468','NDU2YzdhNDdmMTY3NDBkMDBkNzgxMWZmYzg2NDhiZDIxODRiMmQ3Njp7InNlbGVjdGVkX3dlZWsiOjN9','2020-10-03 05:33:51.378952'),('h7svopnqbmslw7q5l19et0e61sdi5oft','NDU2YzdhNDdmMTY3NDBkMDBkNzgxMWZmYzg2NDhiZDIxODRiMmQ3Njp7InNlbGVjdGVkX3dlZWsiOjN9','2020-12-08 13:48:43.432268'),('h98dn3d9pkji5f3a0faqtca6a62qyiq2','NDU2YzdhNDdmMTY3NDBkMDBkNzgxMWZmYzg2NDhiZDIxODRiMmQ3Njp7InNlbGVjdGVkX3dlZWsiOjN9','2020-06-03 06:31:33.266074'),('ha5ygfsmnl6yqq5kqqjycvtjshuhjd6m','MjkzMTRmNzc4MzE3MDI1YzZiZWZmZjRkYmRhNjA2MDVjMzFjMGMyZjp7InNlbGVjdGVkX3dlZWsiOjEsImNhcnRfaWQiOjM4LCJpdGVtc190b3RhbCI6MjN9','2020-11-22 10:13:19.551177'),('hbxszw7j1xya6t5eix02wap2lnnclwdo','NDU2YzdhNDdmMTY3NDBkMDBkNzgxMWZmYzg2NDhiZDIxODRiMmQ3Njp7InNlbGVjdGVkX3dlZWsiOjN9','2020-09-07 02:07:53.472013'),('hd33qqjsev95hubexzudnc26l1wh7b47','NDU2YzdhNDdmMTY3NDBkMDBkNzgxMWZmYzg2NDhiZDIxODRiMmQ3Njp7InNlbGVjdGVkX3dlZWsiOjN9','2020-07-10 01:18:42.545691'),('hdb8u84rv6b6jhj0fgsihcei09nrgz60','NDU2YzdhNDdmMTY3NDBkMDBkNzgxMWZmYzg2NDhiZDIxODRiMmQ3Njp7InNlbGVjdGVkX3dlZWsiOjN9','2020-08-18 02:24:40.278822'),('heemdlcf1iutdlbo2xe5h2uv7o1txu7z','NDU2YzdhNDdmMTY3NDBkMDBkNzgxMWZmYzg2NDhiZDIxODRiMmQ3Njp7InNlbGVjdGVkX3dlZWsiOjN9','2020-07-05 21:46:48.752013'),('hefulnrv8bodgtu59otrf6elzm1sbev7','MmRiODk1MGE1OWFmNTA3YjNiMTZiZGNhMTgyOGRlMGM5YTJlYjM2Zjp7InNlbGVjdGVkX3dlZWsiOjYsImNhcnRfaWQiOjEzLCJpdGVtc190b3RhbCI6MH0=','2020-05-16 21:07:30.606373'),('hezc637j4mz0vb8xlyciklpy4jhhrx5v','NDU2YzdhNDdmMTY3NDBkMDBkNzgxMWZmYzg2NDhiZDIxODRiMmQ3Njp7InNlbGVjdGVkX3dlZWsiOjN9','2020-09-28 13:33:30.507245'),('hfj6shnupjaegsfcm9xyk1dise5ql6i3','MjFiNGMyMTYxZWU4MDY3NzQ5YWEwZTdmYTcwYzE4MTM3YjIwZDg5Mzp7InNlbGVjdGVkX3dlZWsiOjEsImNhcnRfaWQiOjI2LCJpdGVtc190b3RhbCI6Mjh9','2020-09-10 16:24:31.687369'),('hfsaaqaw8hoos6n8x9csm5bumf08ygq6','NDU2YzdhNDdmMTY3NDBkMDBkNzgxMWZmYzg2NDhiZDIxODRiMmQ3Njp7InNlbGVjdGVkX3dlZWsiOjN9','2020-08-01 13:45:12.027694'),('hgqxg13qgk3wka8ex6tafb6w1v5jegf1','NDU2YzdhNDdmMTY3NDBkMDBkNzgxMWZmYzg2NDhiZDIxODRiMmQ3Njp7InNlbGVjdGVkX3dlZWsiOjN9','2020-09-28 12:35:46.097147'),('hjtj7vdn5xi65vjugtfqestkxmb8s9xk','NDU2YzdhNDdmMTY3NDBkMDBkNzgxMWZmYzg2NDhiZDIxODRiMmQ3Njp7InNlbGVjdGVkX3dlZWsiOjN9','2020-10-16 20:26:13.500019'),('hk3o7j465h5jbezu0p7ox78we2a5wel3','NDU2YzdhNDdmMTY3NDBkMDBkNzgxMWZmYzg2NDhiZDIxODRiMmQ3Njp7InNlbGVjdGVkX3dlZWsiOjN9','2020-10-02 14:14:44.975630'),('hlkebu7wecse4irksjcah643dbgr04zq','NDU2YzdhNDdmMTY3NDBkMDBkNzgxMWZmYzg2NDhiZDIxODRiMmQ3Njp7InNlbGVjdGVkX3dlZWsiOjN9','2020-07-29 16:40:28.165358'),('hm729lnvfaz332rvxooo807t8itkbzj4','ZmEwYzQ4Y2I3OGQ0NmY4YzhjZmQ1OWRiNzRlMTE5ODY3Yzk3NGM2ODp7InNlbGVjdGVkX3dlZWsiOjQsImNhcnRfaWQiOjMxLCJpdGVtc190b3RhbCI6MH0=','2020-09-21 02:11:32.663408'),('hqo6mo4ma45l8h16l1yfl7me53taf0k6','NDU2YzdhNDdmMTY3NDBkMDBkNzgxMWZmYzg2NDhiZDIxODRiMmQ3Njp7InNlbGVjdGVkX3dlZWsiOjN9','2020-08-28 04:43:10.332127'),('hr645yr17kp23r2rb147bacrgoypdgmz','NDU2YzdhNDdmMTY3NDBkMDBkNzgxMWZmYzg2NDhiZDIxODRiMmQ3Njp7InNlbGVjdGVkX3dlZWsiOjN9','2020-06-20 18:24:06.216589'),('hriz44vzagzbrmbrrpuy7vo5hxc33f7p','NDU2YzdhNDdmMTY3NDBkMDBkNzgxMWZmYzg2NDhiZDIxODRiMmQ3Njp7InNlbGVjdGVkX3dlZWsiOjN9','2020-06-01 01:21:00.529712'),('hs7gcaz60ei96sgkl2lz75exhh31e8g1','NDU2YzdhNDdmMTY3NDBkMDBkNzgxMWZmYzg2NDhiZDIxODRiMmQ3Njp7InNlbGVjdGVkX3dlZWsiOjN9','2020-06-17 02:46:25.427452'),('hs8gbnbcqq13nyummh9i6o4383ewujft','NDU2YzdhNDdmMTY3NDBkMDBkNzgxMWZmYzg2NDhiZDIxODRiMmQ3Njp7InNlbGVjdGVkX3dlZWsiOjN9','2020-07-01 03:07:29.913781'),('huhgnl5kfwgz7gds2n25s5eeldwahv3b','MWIzODcyOGYyYWRjMjhkYmEwZjdmNjMyNTBkNjAzODFlMmNlMzM1YTp7Il9hdXRoX3VzZXJfaWQiOiIxIiwiX2F1dGhfdXNlcl9iYWNrZW5kIjoiZGphbmdvLmNvbnRyaWIuYXV0aC5iYWNrZW5kcy5Nb2RlbEJhY2tlbmQiLCJfYXV0aF91c2VyX2hhc2giOiJiN2FhZTdkMmI2MDNhMjFlYzU3NWJiZjUwYzRhZDIyOGYzYTQ5MDMxIiwiY2FydF9pZCI6NTgsIml0ZW1zX3RvdGFsIjoxNX0=','2020-02-28 23:51:01.716000'),('hwj84gmuayb4kecib50jz2kmfnzjjx2m','NDU2YzdhNDdmMTY3NDBkMDBkNzgxMWZmYzg2NDhiZDIxODRiMmQ3Njp7InNlbGVjdGVkX3dlZWsiOjN9','2020-07-29 14:06:53.349006'),('hy7jx3y2p8z5i8fzjek8brqzs3o0pmr5','NDU2YzdhNDdmMTY3NDBkMDBkNzgxMWZmYzg2NDhiZDIxODRiMmQ3Njp7InNlbGVjdGVkX3dlZWsiOjN9','2020-08-16 05:28:29.944718'),('hyg657kl9cr32byhwfmzcfydfa92ndnr','NDU2YzdhNDdmMTY3NDBkMDBkNzgxMWZmYzg2NDhiZDIxODRiMmQ3Njp7InNlbGVjdGVkX3dlZWsiOjN9','2020-11-14 15:14:17.754196'),('hyltabqra0ys2z4zkp2ciczlwmr75o0d','NDU2YzdhNDdmMTY3NDBkMDBkNzgxMWZmYzg2NDhiZDIxODRiMmQ3Njp7InNlbGVjdGVkX3dlZWsiOjN9','2020-07-28 19:27:47.928117'),('hz75ubf2kbr1gz6k7jtej6dbyd0xin9s','NDU2YzdhNDdmMTY3NDBkMDBkNzgxMWZmYzg2NDhiZDIxODRiMmQ3Njp7InNlbGVjdGVkX3dlZWsiOjN9','2020-11-10 11:11:40.670142'),('hzvkgjbrsatmtwy737b37qfpl7v88bbp','NDU2YzdhNDdmMTY3NDBkMDBkNzgxMWZmYzg2NDhiZDIxODRiMmQ3Njp7InNlbGVjdGVkX3dlZWsiOjN9','2020-08-21 12:49:51.220447'),('i0vw9qjj2xrga8crv1t6swttwrh7p51s','NDU2YzdhNDdmMTY3NDBkMDBkNzgxMWZmYzg2NDhiZDIxODRiMmQ3Njp7InNlbGVjdGVkX3dlZWsiOjN9','2020-10-14 22:52:43.422265'),('i4oqshnw20i1nwp3j8g4s1zou97l5wk3','NDU2YzdhNDdmMTY3NDBkMDBkNzgxMWZmYzg2NDhiZDIxODRiMmQ3Njp7InNlbGVjdGVkX3dlZWsiOjN9','2020-08-18 16:47:24.638992'),('i6092b79btf2vf5s2kqsh56q8kfcnlq0','NDU2YzdhNDdmMTY3NDBkMDBkNzgxMWZmYzg2NDhiZDIxODRiMmQ3Njp7InNlbGVjdGVkX3dlZWsiOjN9','2020-10-01 09:33:06.647357'),('i7jqmbz3mqw4hpjzkp16cy9envh6fh93','NDU2YzdhNDdmMTY3NDBkMDBkNzgxMWZmYzg2NDhiZDIxODRiMmQ3Njp7InNlbGVjdGVkX3dlZWsiOjN9','2020-12-08 06:57:44.037449'),('i9l0fwmehj1ar6ywd9dz4fir8dx806ak','NDU2YzdhNDdmMTY3NDBkMDBkNzgxMWZmYzg2NDhiZDIxODRiMmQ3Njp7InNlbGVjdGVkX3dlZWsiOjN9','2020-11-02 06:36:48.863549'),('ih6tmpqx1l0wh81mwwu5dax2ryy6mzhu','NDU2YzdhNDdmMTY3NDBkMDBkNzgxMWZmYzg2NDhiZDIxODRiMmQ3Njp7InNlbGVjdGVkX3dlZWsiOjN9','2020-08-05 17:42:06.533771'),('ihs3bdfsexon0u1yb1nv132o2wn9fdln','NDU2YzdhNDdmMTY3NDBkMDBkNzgxMWZmYzg2NDhiZDIxODRiMmQ3Njp7InNlbGVjdGVkX3dlZWsiOjN9','2020-08-01 07:12:04.296702'),('ijvcdnbuejtuhhmm6n5ofn3qfm7cz5sc','NDU2YzdhNDdmMTY3NDBkMDBkNzgxMWZmYzg2NDhiZDIxODRiMmQ3Njp7InNlbGVjdGVkX3dlZWsiOjN9','2020-07-30 23:55:19.605849'),('iky9hzesqxi3php48h4y0t0laznpg7nf','NDU2YzdhNDdmMTY3NDBkMDBkNzgxMWZmYzg2NDhiZDIxODRiMmQ3Njp7InNlbGVjdGVkX3dlZWsiOjN9','2020-08-28 06:13:19.284772'),('ilpm3n5ue92rgjynyzi6px9ujgd4bvw8','NDU2YzdhNDdmMTY3NDBkMDBkNzgxMWZmYzg2NDhiZDIxODRiMmQ3Njp7InNlbGVjdGVkX3dlZWsiOjN9','2020-06-20 01:47:12.878277'),('imgcyufak3g6wv36mqn84279agq7pup2','OWIyODI3ODEyZjNmYzRjMGRhYWY3YmJiOTg2ZTQ1YzE5MDMxZWE0Njp7InNlbGVjdGVkX3dlZWsiOjUsImNhcnRfaWQiOjM0LCJpdGVtc190b3RhbCI6MH0=','2020-10-11 18:50:38.527829'),('imk2v62mv9ig3g5e4t1ec1s6ufltli3c','NDU2YzdhNDdmMTY3NDBkMDBkNzgxMWZmYzg2NDhiZDIxODRiMmQ3Njp7InNlbGVjdGVkX3dlZWsiOjN9','2020-06-22 01:44:59.440097'),('ip58ytjd9trpyigchcki4l96mymdmsrb','NDU2YzdhNDdmMTY3NDBkMDBkNzgxMWZmYzg2NDhiZDIxODRiMmQ3Njp7InNlbGVjdGVkX3dlZWsiOjN9','2020-09-28 16:31:37.018512'),('iqqxrmjryg2w7bgsxv9pxeblfmurmzde','NDU2YzdhNDdmMTY3NDBkMDBkNzgxMWZmYzg2NDhiZDIxODRiMmQ3Njp7InNlbGVjdGVkX3dlZWsiOjN9','2020-07-23 20:51:15.946436'),('ir2es3qg4wa29dc53qivwt37k6x9uwmg','MGFhYTA3OGZmYmZmZGViY2ViYzdkZTk1ZmViNTY1OTZjMTFlMjE4YTp7InNlbGVjdGVkX3dlZWsiOjIsImNhcnRfaWQiOjMwLCJpdGVtc190b3RhbCI6MzF9','2020-09-30 20:25:41.331103'),('ir4mpcny0dtyn29pt2vaj3y6klw2tl9d','NDU2YzdhNDdmMTY3NDBkMDBkNzgxMWZmYzg2NDhiZDIxODRiMmQ3Njp7InNlbGVjdGVkX3dlZWsiOjN9','2020-09-27 11:18:39.232982'),('it2rjs87e7yir22e7jvfpyn9bsufcbag','NDU2YzdhNDdmMTY3NDBkMDBkNzgxMWZmYzg2NDhiZDIxODRiMmQ3Njp7InNlbGVjdGVkX3dlZWsiOjN9','2020-10-15 13:42:25.521946'),('itkpfm3f56gu2jursa1r12f42u1a3ybw','NDU2YzdhNDdmMTY3NDBkMDBkNzgxMWZmYzg2NDhiZDIxODRiMmQ3Njp7InNlbGVjdGVkX3dlZWsiOjN9','2020-12-06 05:05:34.019535'),('iw05dow65iqis6tbfb3fkavtrukf45d7','YjI1MGZmMWM2MzI1NGQ1NzMyMTVjZDUwNTEwZWRiM2EyZTQyYjczNjp7Il9hdXRoX3VzZXJfaWQiOiIxIiwiX2F1dGhfdXNlcl9iYWNrZW5kIjoiZGphbmdvLmNvbnRyaWIuYXV0aC5iYWNrZW5kcy5Nb2RlbEJhY2tlbmQiLCJfYXV0aF91c2VyX2hhc2giOiJiN2FhZTdkMmI2MDNhMjFlYzU3NWJiZjUwYzRhZDIyOGYzYTQ5MDMxIiwiY2FydF9pZCI6MzQsIml0ZW1zX3RvdGFsIjoyMH0=','2019-10-14 03:43:11.195000'),('ixrzc8tt1n4py2b5wfdpf87dighxmvvh','NDU2YzdhNDdmMTY3NDBkMDBkNzgxMWZmYzg2NDhiZDIxODRiMmQ3Njp7InNlbGVjdGVkX3dlZWsiOjN9','2020-11-14 01:37:31.751331'),('iyw2708rvdf5utr3md3cileimqemi6pp','NDU2YzdhNDdmMTY3NDBkMDBkNzgxMWZmYzg2NDhiZDIxODRiMmQ3Njp7InNlbGVjdGVkX3dlZWsiOjN9','2020-07-01 03:53:17.145987'),('iz66c8oubywkz4lvsb40klym4pu2fc88','NDU2YzdhNDdmMTY3NDBkMDBkNzgxMWZmYzg2NDhiZDIxODRiMmQ3Njp7InNlbGVjdGVkX3dlZWsiOjN9','2020-09-04 11:46:59.426100'),('izb8jqi354iqigmd3svg7402s32vtgac','NDU2YzdhNDdmMTY3NDBkMDBkNzgxMWZmYzg2NDhiZDIxODRiMmQ3Njp7InNlbGVjdGVkX3dlZWsiOjN9','2020-09-29 16:49:53.026637'),('j002728wxzo6hngwql6w9rstf596xw5p','NjA5ZGMwZGE1YThiNWZjNzEwMjU5NzNhNTMyN2FlM2M0ZDUzZTQ1MTp7InNlbGVjdGVkX3dlZWsiOjAsImNhcnRfaWQiOjM0LCJpdGVtc190b3RhbCI6MjB9','2020-11-14 06:59:05.230093'),('j1o7gpfzrjxwc30hlmkpyqhiw6zieokz','N2ZkMWY3NWM0N2M5NTk1M2EwN2NiZWViM2Y0Mzk4MDU1MmFhNjhjYTp7InNlbGVjdGVkX3dlZWsiOjQsImNhcnRfaWQiOjMyLCJpdGVtc190b3RhbCI6MH0=','2020-10-03 21:19:11.659052'),('j23lxytbe6nd1v5iph5a9bx9xiyeszfb','NDU2YzdhNDdmMTY3NDBkMDBkNzgxMWZmYzg2NDhiZDIxODRiMmQ3Njp7InNlbGVjdGVkX3dlZWsiOjN9','2020-10-08 21:50:59.305292'),('j3xna5ciupgf29urbmnuqcx26tw6v6f8','NDU2YzdhNDdmMTY3NDBkMDBkNzgxMWZmYzg2NDhiZDIxODRiMmQ3Njp7InNlbGVjdGVkX3dlZWsiOjN9','2020-05-30 17:20:03.530479'),('j47vd4zcw41odkj9mwi9e4yt2sayjyi9','NDU2YzdhNDdmMTY3NDBkMDBkNzgxMWZmYzg2NDhiZDIxODRiMmQ3Njp7InNlbGVjdGVkX3dlZWsiOjN9','2020-11-21 10:02:20.585694'),('j6c9k1xqp6umekia08fwa5qylqp6j3zo','NDU2YzdhNDdmMTY3NDBkMDBkNzgxMWZmYzg2NDhiZDIxODRiMmQ3Njp7InNlbGVjdGVkX3dlZWsiOjN9','2020-08-11 01:08:37.588224'),('j79jk6m2pqrqhnzk53atvcem0vxrq8h7','NDU2YzdhNDdmMTY3NDBkMDBkNzgxMWZmYzg2NDhiZDIxODRiMmQ3Njp7InNlbGVjdGVkX3dlZWsiOjN9','2020-08-13 17:33:19.079596'),('j9k1vy8tteh750i2hiwddsi1scq1pnxx','ZDc3NmNhZTUwZmY5ZTQ5MzQ4OWExMjYzNzlkZDhhZjcyMDhmMjk5Nzp7InNlbGVjdGVkX3dlZWsiOjYsImNhcnRfaWQiOjM3LCJpdGVtc190b3RhbCI6MH0=','2020-10-29 20:08:20.942551'),('ja6qj0an5aujqvs1ietsi8xsbs8ircyt','NDU2YzdhNDdmMTY3NDBkMDBkNzgxMWZmYzg2NDhiZDIxODRiMmQ3Njp7InNlbGVjdGVkX3dlZWsiOjN9','2020-09-29 11:19:13.278226'),('jcqrj2yv0eydqn87kxc91n9iyqeqwg3v','NDU2YzdhNDdmMTY3NDBkMDBkNzgxMWZmYzg2NDhiZDIxODRiMmQ3Njp7InNlbGVjdGVkX3dlZWsiOjN9','2020-06-01 23:44:33.625496'),('jcunqm1lo9vflzypjp8ysralvz0vblxv','NDU2YzdhNDdmMTY3NDBkMDBkNzgxMWZmYzg2NDhiZDIxODRiMmQ3Njp7InNlbGVjdGVkX3dlZWsiOjN9','2020-07-31 14:49:26.156318'),('jd95h916e4h5xx8k007aeny6bfdlg2ou','NDU2YzdhNDdmMTY3NDBkMDBkNzgxMWZmYzg2NDhiZDIxODRiMmQ3Njp7InNlbGVjdGVkX3dlZWsiOjN9','2020-08-02 11:02:35.223683'),('jfu5vh86fot3bfzs7q81wrh447giafq3','NDU2YzdhNDdmMTY3NDBkMDBkNzgxMWZmYzg2NDhiZDIxODRiMmQ3Njp7InNlbGVjdGVkX3dlZWsiOjN9','2020-09-05 06:05:30.386273'),('jfuway5v9mhhrh8bverpdm7hzf04w4j9','NDU2YzdhNDdmMTY3NDBkMDBkNzgxMWZmYzg2NDhiZDIxODRiMmQ3Njp7InNlbGVjdGVkX3dlZWsiOjN9','2020-08-20 09:29:57.498317'),('jgfw8yp2lid4rqg6iyezain49jkd6s85','NDU2YzdhNDdmMTY3NDBkMDBkNzgxMWZmYzg2NDhiZDIxODRiMmQ3Njp7InNlbGVjdGVkX3dlZWsiOjN9','2020-08-20 22:39:40.521464'),('jlyu4fo3ee5pq3ufoxkyzspn06pzw5np','NDU2YzdhNDdmMTY3NDBkMDBkNzgxMWZmYzg2NDhiZDIxODRiMmQ3Njp7InNlbGVjdGVkX3dlZWsiOjN9','2020-06-04 21:37:11.726370'),('jmfivgelx407l141tay7jswp9fyusmrv','NDU2YzdhNDdmMTY3NDBkMDBkNzgxMWZmYzg2NDhiZDIxODRiMmQ3Njp7InNlbGVjdGVkX3dlZWsiOjN9','2020-10-25 09:45:28.194987'),('jmjoapqed873264k0ssx19hxnsclm9ye','NDU2YzdhNDdmMTY3NDBkMDBkNzgxMWZmYzg2NDhiZDIxODRiMmQ3Njp7InNlbGVjdGVkX3dlZWsiOjN9','2020-08-11 01:08:39.621855'),('jmx4iyzcctylx9s42ayulqlzh1dm58cw','NDU2YzdhNDdmMTY3NDBkMDBkNzgxMWZmYzg2NDhiZDIxODRiMmQ3Njp7InNlbGVjdGVkX3dlZWsiOjN9','2020-07-04 21:12:48.279621'),('jmylyuqwhictzqkbejtt7uh5putufjzf','Y2RiYWE1NWYzYTgxYmQxYTE0ZmFmMmRiNjY4OTk3NDk3NGNjNmIxMDp7Il9hdXRoX3VzZXJfaWQiOiIxIiwiX2F1dGhfdXNlcl9iYWNrZW5kIjoiZGphbmdvLmNvbnRyaWIuYXV0aC5iYWNrZW5kcy5Nb2RlbEJhY2tlbmQiLCJfYXV0aF91c2VyX2hhc2giOiJiN2FhZTdkMmI2MDNhMjFlYzU3NWJiZjUwYzRhZDIyOGYzYTQ5MDMxIiwic2VsZWN0ZWRfd2VlayI6MCwiY2FydF9pZCI6MzcsIml0ZW1zX3RvdGFsIjoyOSwiaGlkZV9mb3VuZCI6ZmFsc2V9','2020-12-08 18:59:14.239699'),('jo52dsdg5mtko5it3wclevu6ybad7fh3','NDU2YzdhNDdmMTY3NDBkMDBkNzgxMWZmYzg2NDhiZDIxODRiMmQ3Njp7InNlbGVjdGVkX3dlZWsiOjN9','2020-07-25 06:22:25.884906'),('jomlbldnd0wri9de2hkuy87rqcdpraha','NDU2YzdhNDdmMTY3NDBkMDBkNzgxMWZmYzg2NDhiZDIxODRiMmQ3Njp7InNlbGVjdGVkX3dlZWsiOjN9','2020-07-26 22:17:56.211458'),('jplyo9d4obu8cab0tcl85kcxqollrnog','YzVkMjlkZjRhYThmZWJjNTJkMDFiZDZiZGNiZWJiMjgxNzU2MDJiODp7InNlbGVjdGVkX3dlZWsiOjUsImNhcnRfaWQiOjIxLCJpdGVtc190b3RhbCI6MH0=','2020-07-01 03:53:18.074607'),('jptbe1puqmbzm3p94vdsybn3a7kb43vn','NDU2YzdhNDdmMTY3NDBkMDBkNzgxMWZmYzg2NDhiZDIxODRiMmQ3Njp7InNlbGVjdGVkX3dlZWsiOjN9','2020-11-16 01:52:10.411115'),('jqkefaux48om0l113pbvl43dehr1qq7p','NDU2YzdhNDdmMTY3NDBkMDBkNzgxMWZmYzg2NDhiZDIxODRiMmQ3Njp7InNlbGVjdGVkX3dlZWsiOjN9','2020-10-16 14:02:06.537273'),('jrxuizybjz6w22tkpp77rh4o88f1866q','NmQ4Nzc0OGEwMTUyNzE1ODBkOTU3ODk2ZTM3MzRmNWMwNzk0NWNmZTp7InNlbGVjdGVkX3dlZWsiOjMsIl9hdXRoX3VzZXJfaWQiOiIxIiwiX2F1dGhfdXNlcl9iYWNrZW5kIjoiZGphbmdvLmNvbnRyaWIuYXV0aC5iYWNrZW5kcy5Nb2RlbEJhY2tlbmQiLCJfYXV0aF91c2VyX2hhc2giOiJiN2FhZTdkMmI2MDNhMjFlYzU3NWJiZjUwYzRhZDIyOGYzYTQ5MDMxIiwiY2FydF9pZCI6MzIsIml0ZW1zX3RvdGFsIjoyMn0=','2020-10-07 02:58:33.042187'),('jtnj4ten6un0os45rm3y7th7678c772n','YmVkNjk4ZjQzYmE0YTBlMzZiNmI4NjU5ZmQzMjczOGM4MWJmMjIzNjp7InNlbGVjdGVkX3dlZWsiOjYsImNhcnRfaWQiOjM1LCJpdGVtc190b3RhbCI6MH0=','2020-10-08 21:00:23.895205'),('jvqcjz8ymlnkn3rgpoa2hrsmg27nkp8e','NDU2YzdhNDdmMTY3NDBkMDBkNzgxMWZmYzg2NDhiZDIxODRiMmQ3Njp7InNlbGVjdGVkX3dlZWsiOjN9','2020-07-29 16:54:28.190941'),('jy0y1uxqfaglrzm70leubi4zlzxks8dr','NDU2YzdhNDdmMTY3NDBkMDBkNzgxMWZmYzg2NDhiZDIxODRiMmQ3Njp7InNlbGVjdGVkX3dlZWsiOjN9','2020-07-05 21:14:18.145042'),('jy3phyoh7d4uewckv9lcasntz7clmxnz','NDU2YzdhNDdmMTY3NDBkMDBkNzgxMWZmYzg2NDhiZDIxODRiMmQ3Njp7InNlbGVjdGVkX3dlZWsiOjN9','2020-11-22 06:05:02.915107'),('jy8k0d774dqd5dbwcfpbblvh0jtc7et2','NDU2YzdhNDdmMTY3NDBkMDBkNzgxMWZmYzg2NDhiZDIxODRiMmQ3Njp7InNlbGVjdGVkX3dlZWsiOjN9','2020-07-06 21:15:33.337177'),('jyx54qjp64xxv8mquyezele8kdys2o6g','ZWQzODRmMGJlNjgyMDZhYTY2MWZkNWY5NGQ4YzA0ZDA4M2RjOTQ4Yjp7InNlbGVjdGVkX3dlZWsiOjEsImNhcnRfaWQiOjMwLCJpdGVtc190b3RhbCI6MzF9','2020-10-11 19:16:26.382280'),('k2suxs8w3h3zhxarv6qu9jhy1ydf33f2','NDU2YzdhNDdmMTY3NDBkMDBkNzgxMWZmYzg2NDhiZDIxODRiMmQ3Njp7InNlbGVjdGVkX3dlZWsiOjN9','2020-11-25 11:38:59.282212'),('k2zyma2mkpy73behloeeb00ma84vr79p','NDU2YzdhNDdmMTY3NDBkMDBkNzgxMWZmYzg2NDhiZDIxODRiMmQ3Njp7InNlbGVjdGVkX3dlZWsiOjN9','2020-08-13 14:05:00.947768'),('k54dfiuilu5r0nazg9n6h225d7o6brya','OGQ0M2JhNmQ0OTA2ZTRhNGEzNmQ2NmM3NTY4ZWY2MmU3ZmI5YmVkMjp7InNlbGVjdGVkX3dlZWsiOjQsImNhcnRfaWQiOjE0LCJpdGVtc190b3RhbCI6MH0=','2020-06-03 00:19:02.951217'),('k5ftsoloslzxo5ejiafl1edymqzj6wi3','MmZlZmM5NjA2MjA5NmVjODFhNmMwYzk4NDA4ZmY3MjI3YzYxNDI3MTp7InNlbGVjdGVkX3dlZWsiOjEsImNhcnRfaWQiOjM2LCJpdGVtc190b3RhbCI6MzB9','2020-11-27 18:52:15.546613'),('k68flq8koeywkug9i907dsahbnhm9r3j','NDU2YzdhNDdmMTY3NDBkMDBkNzgxMWZmYzg2NDhiZDIxODRiMmQ3Njp7InNlbGVjdGVkX3dlZWsiOjN9','2020-10-10 04:36:45.187989'),('k6sku94o9ldh6ptq80808e38uu5exc4y','NDU2YzdhNDdmMTY3NDBkMDBkNzgxMWZmYzg2NDhiZDIxODRiMmQ3Njp7InNlbGVjdGVkX3dlZWsiOjN9','2020-10-17 02:44:22.546559'),('k7nce6q5nvm0fiupunpjg6qyacaslpxj','NDU2YzdhNDdmMTY3NDBkMDBkNzgxMWZmYzg2NDhiZDIxODRiMmQ3Njp7InNlbGVjdGVkX3dlZWsiOjN9','2020-09-26 19:45:30.502508'),('kagct53frc178iwfzxiawhbq9tnpuvmn','NDU2YzdhNDdmMTY3NDBkMDBkNzgxMWZmYzg2NDhiZDIxODRiMmQ3Njp7InNlbGVjdGVkX3dlZWsiOjN9','2020-11-14 02:57:51.793777'),('kb27hn50it216unjsik0gc5x3kxldikw','NDU2YzdhNDdmMTY3NDBkMDBkNzgxMWZmYzg2NDhiZDIxODRiMmQ3Njp7InNlbGVjdGVkX3dlZWsiOjN9','2020-07-30 21:24:07.324538'),('ki3vvwdqcakajd98mi0nxzuf6yrus8qe','NDU2YzdhNDdmMTY3NDBkMDBkNzgxMWZmYzg2NDhiZDIxODRiMmQ3Njp7InNlbGVjdGVkX3dlZWsiOjN9','2020-09-24 07:57:36.549097'),('kj00o2fk3kpg0b8yz07ifw4yx6r70u83','NDU2YzdhNDdmMTY3NDBkMDBkNzgxMWZmYzg2NDhiZDIxODRiMmQ3Njp7InNlbGVjdGVkX3dlZWsiOjN9','2020-11-22 11:15:00.707274'),('knzryh0ijeywrdsfr01nzcgx4k052zjo','NDU2YzdhNDdmMTY3NDBkMDBkNzgxMWZmYzg2NDhiZDIxODRiMmQ3Njp7InNlbGVjdGVkX3dlZWsiOjN9','2020-10-07 13:10:12.988725'),('kol1tr8543tifpk9l7y0ifk91pvpuvnc','NDU2YzdhNDdmMTY3NDBkMDBkNzgxMWZmYzg2NDhiZDIxODRiMmQ3Njp7InNlbGVjdGVkX3dlZWsiOjN9','2020-08-23 11:31:39.479882'),('kpn3upgfio66rsqylkjaq7rmmjf403zc','NDU2YzdhNDdmMTY3NDBkMDBkNzgxMWZmYzg2NDhiZDIxODRiMmQ3Njp7InNlbGVjdGVkX3dlZWsiOjN9','2020-07-01 13:12:57.809878'),('kq5py28h3fvraq5zgmy9gnzwduuwempv','NDU2YzdhNDdmMTY3NDBkMDBkNzgxMWZmYzg2NDhiZDIxODRiMmQ3Njp7InNlbGVjdGVkX3dlZWsiOjN9','2020-07-31 22:22:21.019351'),('kqphr82arupl2u0nk472b0mg3n0kifrl','ZDc3NmNhZTUwZmY5ZTQ5MzQ4OWExMjYzNzlkZDhhZjcyMDhmMjk5Nzp7InNlbGVjdGVkX3dlZWsiOjYsImNhcnRfaWQiOjM3LCJpdGVtc190b3RhbCI6MH0=','2020-10-29 12:58:16.022140'),('kr2a7rc7zq2sozdc9l7kow4e99cy4nek','ZDY4NDkyYjQyYmM3YjJjMjcwMjg1NTIzMDEyYWVkZmFhZTc5MWViZjp7InNlbGVjdGVkX3dlZWsiOjMsIl9hdXRoX3VzZXJfaWQiOiIxIiwiX2F1dGhfdXNlcl9iYWNrZW5kIjoiZGphbmdvLmNvbnRyaWIuYXV0aC5iYWNrZW5kcy5Nb2RlbEJhY2tlbmQiLCJfYXV0aF91c2VyX2hhc2giOiJiN2FhZTdkMmI2MDNhMjFlYzU3NWJiZjUwYzRhZDIyOGYzYTQ5MDMxIiwiY2FydF9pZCI6MzQsIml0ZW1zX3RvdGFsIjoyMH0=','2020-10-21 21:02:04.742026'),('kr65v1io5qxtfs7kjfhn7wljw0vnoouo','NDU2YzdhNDdmMTY3NDBkMDBkNzgxMWZmYzg2NDhiZDIxODRiMmQ3Njp7InNlbGVjdGVkX3dlZWsiOjN9','2020-11-08 22:58:39.884198'),('krmyi3h1xnzt4n0p37va17t83fg1t5xk','NDU2YzdhNDdmMTY3NDBkMDBkNzgxMWZmYzg2NDhiZDIxODRiMmQ3Njp7InNlbGVjdGVkX3dlZWsiOjN9','2020-11-23 01:53:12.652951'),('krope42bslbu66tpdp29u2slwu2skwva','Nzk3M2FjOTViMGZhYWMxMDQxNTE0MDI1OWVkZWU4Y2EzZDFhY2I2NDp7InNlbGVjdGVkX3dlZWsiOjUsImNhcnRfaWQiOjM2LCJpdGVtc190b3RhbCI6MH0=','2020-10-29 12:30:54.698191'),('ks5ircjwxnryhey7dsyebk3aszlzwg9m','NDU2YzdhNDdmMTY3NDBkMDBkNzgxMWZmYzg2NDhiZDIxODRiMmQ3Njp7InNlbGVjdGVkX3dlZWsiOjN9','2020-11-14 05:52:38.347174'),('kst01vu8ly8hgw1u1dhxw7535q9chfn4','NDU2YzdhNDdmMTY3NDBkMDBkNzgxMWZmYzg2NDhiZDIxODRiMmQ3Njp7InNlbGVjdGVkX3dlZWsiOjN9','2020-09-28 04:42:19.870745'),('kuvlv1hrkdysyl4izeyly5785n4lr5pf','NDU2YzdhNDdmMTY3NDBkMDBkNzgxMWZmYzg2NDhiZDIxODRiMmQ3Njp7InNlbGVjdGVkX3dlZWsiOjN9','2020-07-01 03:53:16.692392'),('kvdxociqpzdrg76zr888fisl42ia7vex','NDU2YzdhNDdmMTY3NDBkMDBkNzgxMWZmYzg2NDhiZDIxODRiMmQ3Njp7InNlbGVjdGVkX3dlZWsiOjN9','2020-08-29 13:47:57.167776'),('kvin2npd18hix5t5ousp9el4ynvef0o4','NDU2YzdhNDdmMTY3NDBkMDBkNzgxMWZmYzg2NDhiZDIxODRiMmQ3Njp7InNlbGVjdGVkX3dlZWsiOjN9','2020-10-11 05:18:52.573157'),('kvwh6tmc15l04gxaojhgapwbasq9aeji','NDU2YzdhNDdmMTY3NDBkMDBkNzgxMWZmYzg2NDhiZDIxODRiMmQ3Njp7InNlbGVjdGVkX3dlZWsiOjN9','2020-10-19 05:39:59.019624'),('kxntr0c2ec5s8kai6uru0g7oedp5n432','NDU2YzdhNDdmMTY3NDBkMDBkNzgxMWZmYzg2NDhiZDIxODRiMmQ3Njp7InNlbGVjdGVkX3dlZWsiOjN9','2020-11-09 22:56:27.898883'),('l3waf4e5w0d5q6xjjs6b7vgmtcmt0kz4','NDU2YzdhNDdmMTY3NDBkMDBkNzgxMWZmYzg2NDhiZDIxODRiMmQ3Njp7InNlbGVjdGVkX3dlZWsiOjN9','2020-11-12 21:25:20.371139'),('l40ie352n2ml0lk22p6v1ymd2wx8mp3f','NDU2YzdhNDdmMTY3NDBkMDBkNzgxMWZmYzg2NDhiZDIxODRiMmQ3Njp7InNlbGVjdGVkX3dlZWsiOjN9','2020-10-05 13:52:26.316704'),('l5i4qw3enp5zyt2u2r6rk6molrwy3mew','ZWI4N2FlZTk3YTAzNTJhMDlhNGZlYzRlYTRlOTk5ZDU5ZTVjY2UyZDp7InNlbGVjdGVkX3dlZWsiOjQsImNhcnRfaWQiOjM5LCJpdGVtc190b3RhbCI6MH0=','2020-11-28 20:37:43.659951'),('l6inefxwif90mwcq0xwuspxaya60nuup','YjEyMTllNTcwODJiZDFkNzIxMzFkODczYWExNzNhZDc1ZjQ0OTY2OTp7InNlbGVjdGVkX3dlZWsiOjYsImNhcnRfaWQiOjM2LCJpdGVtc190b3RhbCI6MH0=','2020-10-22 11:35:33.211864'),('laawr2evnhplrrw23i71t25xzh1zxat8','NDU2YzdhNDdmMTY3NDBkMDBkNzgxMWZmYzg2NDhiZDIxODRiMmQ3Njp7InNlbGVjdGVkX3dlZWsiOjN9','2020-07-26 11:05:04.306974'),('lb31j65f387jprkf20ft7gn1h4kuwrcy','NDU2YzdhNDdmMTY3NDBkMDBkNzgxMWZmYzg2NDhiZDIxODRiMmQ3Njp7InNlbGVjdGVkX3dlZWsiOjN9','2020-10-06 03:57:15.238538'),('lcdpmu917mecwzohzxer357qsm5s6hcm','NDU2YzdhNDdmMTY3NDBkMDBkNzgxMWZmYzg2NDhiZDIxODRiMmQ3Njp7InNlbGVjdGVkX3dlZWsiOjN9','2020-09-25 11:09:43.582922'),('lcox0pfd5umxiirvy7186qum6s79u8ur','NDU2YzdhNDdmMTY3NDBkMDBkNzgxMWZmYzg2NDhiZDIxODRiMmQ3Njp7InNlbGVjdGVkX3dlZWsiOjN9','2020-07-05 15:48:28.643156'),('lcquu402v4tf8owcaq5tu8crft0otz9l','NDU2YzdhNDdmMTY3NDBkMDBkNzgxMWZmYzg2NDhiZDIxODRiMmQ3Njp7InNlbGVjdGVkX3dlZWsiOjN9','2020-11-28 00:14:35.417049'),('ldgy3p56f2clkj9f0qjgpeyp72oxhqf3','NDU2YzdhNDdmMTY3NDBkMDBkNzgxMWZmYzg2NDhiZDIxODRiMmQ3Njp7InNlbGVjdGVkX3dlZWsiOjN9','2020-07-24 17:58:46.853010'),('lf0cvoop1hpyp64cvv9piigu4l051du6','NDU2YzdhNDdmMTY3NDBkMDBkNzgxMWZmYzg2NDhiZDIxODRiMmQ3Njp7InNlbGVjdGVkX3dlZWsiOjN9','2020-09-22 13:17:49.854616'),('lhy7k0u5d81sdor984ek9q3jromacq1x','NDU2YzdhNDdmMTY3NDBkMDBkNzgxMWZmYzg2NDhiZDIxODRiMmQ3Njp7InNlbGVjdGVkX3dlZWsiOjN9','2020-07-03 05:51:25.690305'),('liu4ic98ax5kde96ta9hkux3ue77loqg','NDU2YzdhNDdmMTY3NDBkMDBkNzgxMWZmYzg2NDhiZDIxODRiMmQ3Njp7InNlbGVjdGVkX3dlZWsiOjN9','2020-09-16 18:02:54.514128'),('lj27wzeq4nft7su2fqhrnz6d2m8m2h39','NDU2YzdhNDdmMTY3NDBkMDBkNzgxMWZmYzg2NDhiZDIxODRiMmQ3Njp7InNlbGVjdGVkX3dlZWsiOjN9','2020-06-21 09:25:54.021557'),('ljnmcskhy3upcgic0v4hatg4kuyvpmw1','NDU2YzdhNDdmMTY3NDBkMDBkNzgxMWZmYzg2NDhiZDIxODRiMmQ3Njp7InNlbGVjdGVkX3dlZWsiOjN9','2020-08-22 22:02:42.649171'),('llsfwzxwa1xk2xy8w7t20s0eyfeuw9eu','NDU2YzdhNDdmMTY3NDBkMDBkNzgxMWZmYzg2NDhiZDIxODRiMmQ3Njp7InNlbGVjdGVkX3dlZWsiOjN9','2020-08-18 23:10:26.874284'),('lpg7zlcqmjppsltofvu87ar6pkjckuam','NDU2YzdhNDdmMTY3NDBkMDBkNzgxMWZmYzg2NDhiZDIxODRiMmQ3Njp7InNlbGVjdGVkX3dlZWsiOjN9','2020-09-07 18:54:18.493476'),('lq5c284r2yvn3476shzukwvri0jt9zmd','NDU2YzdhNDdmMTY3NDBkMDBkNzgxMWZmYzg2NDhiZDIxODRiMmQ3Njp7InNlbGVjdGVkX3dlZWsiOjN9','2020-11-19 13:39:25.996753'),('lqq3avud1o4upkpxns7e2rl0dxhlw6f2','NDU2YzdhNDdmMTY3NDBkMDBkNzgxMWZmYzg2NDhiZDIxODRiMmQ3Njp7InNlbGVjdGVkX3dlZWsiOjN9','2020-10-02 04:57:45.196560'),('ls6yfvvijtc1jkp7u7da0ycwxibl5uoe','NDU2YzdhNDdmMTY3NDBkMDBkNzgxMWZmYzg2NDhiZDIxODRiMmQ3Njp7InNlbGVjdGVkX3dlZWsiOjN9','2020-09-18 21:27:48.400735'),('lu23ylfel8iuo2b1gjlvas56i0t5qzgt','MzlkYjVhN2EwOTY3NzNmZjdmMTViZGU4ZjhjNzgzMDE1MjE0ZWI1Mzp7InNlbGVjdGVkX3dlZWsiOjEsImNhcnRfaWQiOjEzLCJpdGVtc190b3RhbCI6MjZ9','2020-06-16 18:41:46.905190'),('lywcim20udnb70ajcn66ycc2ohvnlaua','NDU2YzdhNDdmMTY3NDBkMDBkNzgxMWZmYzg2NDhiZDIxODRiMmQ3Njp7InNlbGVjdGVkX3dlZWsiOjN9','2020-08-16 18:32:31.357820'),('m1hcxm4fw9rpp3od8gqt5t4snjwt87jf','NDU2YzdhNDdmMTY3NDBkMDBkNzgxMWZmYzg2NDhiZDIxODRiMmQ3Njp7InNlbGVjdGVkX3dlZWsiOjN9','2020-10-16 04:07:52.420286'),('m1trgijptb8gfrfwsbsej12bwubolccv','NDU2YzdhNDdmMTY3NDBkMDBkNzgxMWZmYzg2NDhiZDIxODRiMmQ3Njp7InNlbGVjdGVkX3dlZWsiOjN9','2020-09-22 22:31:00.445915'),('m3886bg30pg1dkqe2sc3rk0oiuqz8jwi','MjA1OGY5NzEyMmQ1YjlhMGZiOGZmZjNiYzNhMWE5Y2RmYTIzZTZiZjp7Il9hdXRoX3VzZXJfaWQiOiIxIiwiX2F1dGhfdXNlcl9iYWNrZW5kIjoiZGphbmdvLmNvbnRyaWIuYXV0aC5iYWNrZW5kcy5Nb2RlbEJhY2tlbmQiLCJfYXV0aF91c2VyX2hhc2giOiJiN2FhZTdkMmI2MDNhMjFlYzU3NWJiZjUwYzRhZDIyOGYzYTQ5MDMxIiwic2VsZWN0ZWRfd2VlayI6MywiY2FydF9pZCI6MTksIml0ZW1zX3RvdGFsIjoyNH0=','2020-07-11 05:10:59.705480'),('m3geyeyc2chz4jtis99wn4gme18h38ts','NDU2YzdhNDdmMTY3NDBkMDBkNzgxMWZmYzg2NDhiZDIxODRiMmQ3Njp7InNlbGVjdGVkX3dlZWsiOjN9','2020-09-29 07:22:11.216876'),('m5mh0ou84biczdipmqgo3r45b4rxdntz','NDU2YzdhNDdmMTY3NDBkMDBkNzgxMWZmYzg2NDhiZDIxODRiMmQ3Njp7InNlbGVjdGVkX3dlZWsiOjN9','2020-10-20 14:22:33.302798'),('m68olij123jasuo456cctollcarmcot1','NDU2YzdhNDdmMTY3NDBkMDBkNzgxMWZmYzg2NDhiZDIxODRiMmQ3Njp7InNlbGVjdGVkX3dlZWsiOjN9','2020-10-08 23:54:53.733595'),('m7uw1bm6hpmjidiikafojpv4xe2gkabl','NDU2YzdhNDdmMTY3NDBkMDBkNzgxMWZmYzg2NDhiZDIxODRiMmQ3Njp7InNlbGVjdGVkX3dlZWsiOjN9','2020-11-15 18:36:25.734618'),('m8j8kr3wcjm2g97z6uyqzr4j3jygsx3w','NDU2YzdhNDdmMTY3NDBkMDBkNzgxMWZmYzg2NDhiZDIxODRiMmQ3Njp7InNlbGVjdGVkX3dlZWsiOjN9','2020-10-22 17:48:33.288787'),('m9puu42hmrzmozzyl3zphodigjjyk2gn','NDU2YzdhNDdmMTY3NDBkMDBkNzgxMWZmYzg2NDhiZDIxODRiMmQ3Njp7InNlbGVjdGVkX3dlZWsiOjN9','2020-07-31 23:25:57.944365'),('mg351h1deo7pqaypkbaclmktqq0fmk8d','YmEwYTgyYWY2NDViZjJhZDdhMzJjODU3YjNhNmYyYmY2OWJmZDQxZDp7InNlbGVjdGVkX3dlZWsiOjUsImNhcnRfaWQiOjE4LCJpdGVtc190b3RhbCI6MH0=','2020-06-16 15:26:21.838586'),('mj4na88c2flh6iirglfromqhvd6hppf7','NDU2YzdhNDdmMTY3NDBkMDBkNzgxMWZmYzg2NDhiZDIxODRiMmQ3Njp7InNlbGVjdGVkX3dlZWsiOjN9','2020-07-20 03:12:20.588947'),('mja1bpbbdptk545s0hpi0gtrst2j66jp','NDU2YzdhNDdmMTY3NDBkMDBkNzgxMWZmYzg2NDhiZDIxODRiMmQ3Njp7InNlbGVjdGVkX3dlZWsiOjN9','2020-12-05 00:25:00.657534'),('mkw4najt0h3nrytfn55h8yucdy8sus02','NDU2YzdhNDdmMTY3NDBkMDBkNzgxMWZmYzg2NDhiZDIxODRiMmQ3Njp7InNlbGVjdGVkX3dlZWsiOjN9','2020-07-24 08:06:53.341297'),('mlhosjrx1flsxv64gbrw0hngdri3x568','NDU2YzdhNDdmMTY3NDBkMDBkNzgxMWZmYzg2NDhiZDIxODRiMmQ3Njp7InNlbGVjdGVkX3dlZWsiOjN9','2020-06-04 12:49:22.478402'),('mlob070zvm6438adjhx3bf4lujdfg35f','NDU2YzdhNDdmMTY3NDBkMDBkNzgxMWZmYzg2NDhiZDIxODRiMmQ3Njp7InNlbGVjdGVkX3dlZWsiOjN9','2020-08-26 14:34:26.875789'),('mnuo3acs32qt1eovqrakgitvpnjiug66','NDU2YzdhNDdmMTY3NDBkMDBkNzgxMWZmYzg2NDhiZDIxODRiMmQ3Njp7InNlbGVjdGVkX3dlZWsiOjN9','2020-09-10 12:42:39.671102'),('mo3eqoo23o8os1z6qokm666h4mr7cep4','NDU2YzdhNDdmMTY3NDBkMDBkNzgxMWZmYzg2NDhiZDIxODRiMmQ3Njp7InNlbGVjdGVkX3dlZWsiOjN9','2020-08-12 11:22:15.990664'),('mozr4aww340fyq2j0hh7uw0fic0mzfr7','NDU2YzdhNDdmMTY3NDBkMDBkNzgxMWZmYzg2NDhiZDIxODRiMmQ3Njp7InNlbGVjdGVkX3dlZWsiOjN9','2020-09-17 07:24:36.625998'),('mp2e6ia0lcopo6ctlr3uaqpz3a16898w','NDU2YzdhNDdmMTY3NDBkMDBkNzgxMWZmYzg2NDhiZDIxODRiMmQ3Njp7InNlbGVjdGVkX3dlZWsiOjN9','2020-11-24 21:35:45.735563'),('mps0335tk79v0pft76tcjzsolfusf3a1','NDU2YzdhNDdmMTY3NDBkMDBkNzgxMWZmYzg2NDhiZDIxODRiMmQ3Njp7InNlbGVjdGVkX3dlZWsiOjN9','2020-07-08 22:23:28.964676'),('mqheynidypizefa4cx0ngvjjcm5f4dp3','NDU2YzdhNDdmMTY3NDBkMDBkNzgxMWZmYzg2NDhiZDIxODRiMmQ3Njp7InNlbGVjdGVkX3dlZWsiOjN9','2020-09-02 12:52:37.404657'),('mqmg2w5klmdyrpi75vyck2uypgt92mmc','MmYxMDQ1MDk2YzBjZDZlNmQwMzRjM2MxNjE5ZWI1MjcxMjQ4M2MzNjp7InNlbGVjdGVkX3dlZWsiOjQsImNhcnRfaWQiOjI2LCJpdGVtc190b3RhbCI6MH0=','2020-08-18 15:15:48.173629'),('mr4a4i21jk1bt95jd8jepp6sgnd5bnww','NDU2YzdhNDdmMTY3NDBkMDBkNzgxMWZmYzg2NDhiZDIxODRiMmQ3Njp7InNlbGVjdGVkX3dlZWsiOjN9','2020-06-18 13:55:12.857012'),('ms1skc86pht9nwdsybs97bjpr39e31e3','NDU2YzdhNDdmMTY3NDBkMDBkNzgxMWZmYzg2NDhiZDIxODRiMmQ3Njp7InNlbGVjdGVkX3dlZWsiOjN9','2020-11-05 04:41:10.845066'),('mser76v0lslra3esqmn6r2awlhtzlq5m','NDU2YzdhNDdmMTY3NDBkMDBkNzgxMWZmYzg2NDhiZDIxODRiMmQ3Njp7InNlbGVjdGVkX3dlZWsiOjN9','2020-12-05 22:23:40.768973'),('msx6ihh9kvmio8rhrr2al1qfof4ld6qe','NDU2YzdhNDdmMTY3NDBkMDBkNzgxMWZmYzg2NDhiZDIxODRiMmQ3Njp7InNlbGVjdGVkX3dlZWsiOjN9','2020-09-03 07:14:23.370992'),('mt1dfaifk468vwqsscxn49fcyrz775l7','NDU2YzdhNDdmMTY3NDBkMDBkNzgxMWZmYzg2NDhiZDIxODRiMmQ3Njp7InNlbGVjdGVkX3dlZWsiOjN9','2020-06-03 10:30:37.389745'),('mtdabr1sux6jpe29gx7apq2rvurlvg38','YTk1NTY2YzhiYzRjYzJlZTFiNjgyZjRiZTVlYjg2OGJhNDNiZjY4Yjp7InNlbGVjdGVkX3dlZWsiOjIsImNhcnRfaWQiOjM5LCJpdGVtc190b3RhbCI6MzMsIl9hdXRoX3VzZXJfaWQiOiIxIiwiX2F1dGhfdXNlcl9iYWNrZW5kIjoiZGphbmdvLmNvbnRyaWIuYXV0aC5iYWNrZW5kcy5Nb2RlbEJhY2tlbmQiLCJfYXV0aF91c2VyX2hhc2giOiJiN2FhZTdkMmI2MDNhMjFlYzU3NWJiZjUwYzRhZDIyOGYzYTQ5MDMxIiwiaGlkZV9mb3VuZCI6dHJ1ZX0=','2020-12-08 02:11:26.766473'),('muy0q5qqvottc0ish4uhiom6a30nwgrh','NDU2YzdhNDdmMTY3NDBkMDBkNzgxMWZmYzg2NDhiZDIxODRiMmQ3Njp7InNlbGVjdGVkX3dlZWsiOjN9','2020-09-17 07:55:03.184119'),('mvrh9xk84fvlqd5rguwxrm6o0q8pa19n','NDU2YzdhNDdmMTY3NDBkMDBkNzgxMWZmYzg2NDhiZDIxODRiMmQ3Njp7InNlbGVjdGVkX3dlZWsiOjN9','2020-12-04 05:50:52.706306'),('mvuva3488p41lvux3lo8elys59rqyok1','NDU2YzdhNDdmMTY3NDBkMDBkNzgxMWZmYzg2NDhiZDIxODRiMmQ3Njp7InNlbGVjdGVkX3dlZWsiOjN9','2020-11-26 07:29:03.001988'),('myvvk60qks9ulk9rn0i8xmi0ovvjtuat','ZWQzODRmMGJlNjgyMDZhYTY2MWZkNWY5NGQ4YzA0ZDA4M2RjOTQ4Yjp7InNlbGVjdGVkX3dlZWsiOjEsImNhcnRfaWQiOjMwLCJpdGVtc190b3RhbCI6MzF9','2020-10-08 20:47:30.037225'),('mzs4podf63xmgbv7vcqus7jdwuxh0f23','NDU2YzdhNDdmMTY3NDBkMDBkNzgxMWZmYzg2NDhiZDIxODRiMmQ3Njp7InNlbGVjdGVkX3dlZWsiOjN9','2020-12-08 12:25:49.588757'),('mzsw3jeyehceoc7w7n5aqmrhyjrolajq','NDU2YzdhNDdmMTY3NDBkMDBkNzgxMWZmYzg2NDhiZDIxODRiMmQ3Njp7InNlbGVjdGVkX3dlZWsiOjN9','2020-11-10 09:15:08.784385'),('n0qevutv3yug83pq7v3tzcyrjh0xfb8e','NDU2YzdhNDdmMTY3NDBkMDBkNzgxMWZmYzg2NDhiZDIxODRiMmQ3Njp7InNlbGVjdGVkX3dlZWsiOjN9','2020-12-08 05:36:43.373316'),('n3bixnwlgo18js7e1mw1z69v76dowriq','NDU2YzdhNDdmMTY3NDBkMDBkNzgxMWZmYzg2NDhiZDIxODRiMmQ3Njp7InNlbGVjdGVkX3dlZWsiOjN9','2020-08-08 09:31:18.484970'),('n3rqpckkr1y5uzovwu1pltf1vktou6nj','NDU2YzdhNDdmMTY3NDBkMDBkNzgxMWZmYzg2NDhiZDIxODRiMmQ3Njp7InNlbGVjdGVkX3dlZWsiOjN9','2020-09-30 17:53:45.384956'),('n43hf4k6t4n6pzn1jshe9rswp2mytj8x','NDU2YzdhNDdmMTY3NDBkMDBkNzgxMWZmYzg2NDhiZDIxODRiMmQ3Njp7InNlbGVjdGVkX3dlZWsiOjN9','2020-10-16 03:39:31.666687'),('n4fas9xobgi7ajop286p16aj92781pf5','NDU2YzdhNDdmMTY3NDBkMDBkNzgxMWZmYzg2NDhiZDIxODRiMmQ3Njp7InNlbGVjdGVkX3dlZWsiOjN9','2020-09-25 18:21:17.420586'),('n4jrconrizetwm2ntp05oj9qv9pbwt3c','NDU2YzdhNDdmMTY3NDBkMDBkNzgxMWZmYzg2NDhiZDIxODRiMmQ3Njp7InNlbGVjdGVkX3dlZWsiOjN9','2020-11-04 03:35:49.758579'),('n600qyj78kb4tggncworueoc8v9aeptz','NDU2YzdhNDdmMTY3NDBkMDBkNzgxMWZmYzg2NDhiZDIxODRiMmQ3Njp7InNlbGVjdGVkX3dlZWsiOjN9','2020-09-22 02:48:19.720088'),('n6yacfpeccr7gpek1cznjz90ojife7da','Y2Y2ODcxY2FmODIxMGUyZTkxYjhkZmQ5NzUyMDFmMjFlNDFmMmY3MDp7InNlbGVjdGVkX3dlZWsiOjQsImNhcnRfaWQiOjI4LCJpdGVtc190b3RhbCI6MH0=','2020-09-05 22:42:41.865919'),('n70n1pzrx0691axzb594ilmcgy82gd87','NDU2YzdhNDdmMTY3NDBkMDBkNzgxMWZmYzg2NDhiZDIxODRiMmQ3Njp7InNlbGVjdGVkX3dlZWsiOjN9','2020-10-26 16:19:31.286761'),('n8xbtyz8d2f124f6o8whsg5202ro3szl','NjM2NDU5ZTFlNzMwODJkZTkxNGIwNmM1N2U2Yjc3MGFiZDQzYjU4Mjp7InNlbGVjdGVkX3dlZWsiOjYsImNhcnRfaWQiOjI5LCJpdGVtc190b3RhbCI6MH0=','2020-08-26 13:01:24.777519'),('n92dg3eqt9n9rgz6ek1gyqzrh7d9x6vn','NDU2YzdhNDdmMTY3NDBkMDBkNzgxMWZmYzg2NDhiZDIxODRiMmQ3Njp7InNlbGVjdGVkX3dlZWsiOjN9','2020-10-01 03:15:49.749476'),('n9t8js0nxl4gcxn60scqs7doql3curzx','NDU2YzdhNDdmMTY3NDBkMDBkNzgxMWZmYzg2NDhiZDIxODRiMmQ3Njp7InNlbGVjdGVkX3dlZWsiOjN9','2020-06-15 01:22:12.121690'),('na1a2iphs501opnh8nhnbx6npgjb7os0','YTlhOGY2Mzc3YTNkMGM2ODg2NjY1ZTBkY2E5YzRkNjY3YTg3N2IyMDp7ImNhcnRfaWQiOjYwLCJpdGVtc190b3RhbCI6NSwiX2F1dGhfdXNlcl9pZCI6IjEiLCJfYXV0aF91c2VyX2JhY2tlbmQiOiJkamFuZ28uY29udHJpYi5hdXRoLmJhY2tlbmRzLk1vZGVsQmFja2VuZCIsIl9hdXRoX3VzZXJfaGFzaCI6ImI3YWFlN2QyYjYwM2EyMWVjNTc1YmJmNTBjNGFkMjI4ZjNhNDkwMzEifQ==','2020-03-02 04:40:05.069000'),('nbifrqzv4kw2j3c87qnkiadrg5wlpm4e','ZTM0MjA4OWU5YTExNzM5NDJlYjBhNTUwYzA1MDliZWU4YTMyZTdkZTp7InNlbGVjdGVkX3dlZWsiOjAsImNhcnRfaWQiOjI4LCJpdGVtc190b3RhbCI6MTd9','2020-09-30 20:25:43.110155'),('nc7yp3veapqhnha2mlt9lo5mu3gscljb','NDU2YzdhNDdmMTY3NDBkMDBkNzgxMWZmYzg2NDhiZDIxODRiMmQ3Njp7InNlbGVjdGVkX3dlZWsiOjN9','2020-12-09 00:21:54.847778'),('ni0squv9ps10g8hfhm82ar3bm2b5grz2','NDU2YzdhNDdmMTY3NDBkMDBkNzgxMWZmYzg2NDhiZDIxODRiMmQ3Njp7InNlbGVjdGVkX3dlZWsiOjN9','2020-10-14 01:08:57.103313'),('njpyxbnkqg441iwi3uv1xcyvm6kh6ca1','NDU2YzdhNDdmMTY3NDBkMDBkNzgxMWZmYzg2NDhiZDIxODRiMmQ3Njp7InNlbGVjdGVkX3dlZWsiOjN9','2020-08-20 05:57:47.248763'),('nk4d856cd4y49st8qhfx0cnlg3nqquzb','NDU2YzdhNDdmMTY3NDBkMDBkNzgxMWZmYzg2NDhiZDIxODRiMmQ3Njp7InNlbGVjdGVkX3dlZWsiOjN9','2020-11-20 03:48:56.366446'),('nlnqd7vg8d6g2dyftwmw1wbry63obu1q','NDU2YzdhNDdmMTY3NDBkMDBkNzgxMWZmYzg2NDhiZDIxODRiMmQ3Njp7InNlbGVjdGVkX3dlZWsiOjN9','2020-06-14 17:25:32.213717'),('nn29l40ff8tdxkx0j1v8e301t1jvr67a','NDU2YzdhNDdmMTY3NDBkMDBkNzgxMWZmYzg2NDhiZDIxODRiMmQ3Njp7InNlbGVjdGVkX3dlZWsiOjN9','2020-10-12 06:31:22.542174'),('nogllf1b2yxhzumn0hfw3turbr5s1kbf','NDU2YzdhNDdmMTY3NDBkMDBkNzgxMWZmYzg2NDhiZDIxODRiMmQ3Njp7InNlbGVjdGVkX3dlZWsiOjN9','2020-08-15 13:11:05.404557'),('nrg5wt06rexrajavyku7tlk54w7qo6rw','NDU2YzdhNDdmMTY3NDBkMDBkNzgxMWZmYzg2NDhiZDIxODRiMmQ3Njp7InNlbGVjdGVkX3dlZWsiOjN9','2020-09-18 19:02:08.695629'),('nru82ur6ymp2g17md2fkobv8ic0eue44','NDU2YzdhNDdmMTY3NDBkMDBkNzgxMWZmYzg2NDhiZDIxODRiMmQ3Njp7InNlbGVjdGVkX3dlZWsiOjN9','2020-07-31 23:27:40.941971'),('ntmidye2st97wxrwbt3quzh59xp6gob7','NDU2YzdhNDdmMTY3NDBkMDBkNzgxMWZmYzg2NDhiZDIxODRiMmQ3Njp7InNlbGVjdGVkX3dlZWsiOjN9','2020-07-30 12:21:29.910038'),('nu2fnxvln7u8td0o2wnf48qp9bjplnpp','NDU2YzdhNDdmMTY3NDBkMDBkNzgxMWZmYzg2NDhiZDIxODRiMmQ3Njp7InNlbGVjdGVkX3dlZWsiOjN9','2020-11-25 12:54:11.029383'),('nxf1zv8wifyp6t7611mcvvkxww4ail9k','NDU2YzdhNDdmMTY3NDBkMDBkNzgxMWZmYzg2NDhiZDIxODRiMmQ3Njp7InNlbGVjdGVkX3dlZWsiOjN9','2020-11-28 14:23:35.924527'),('ny1eryilhj5tv1r15vowlenfa3mjdtct','NDU2YzdhNDdmMTY3NDBkMDBkNzgxMWZmYzg2NDhiZDIxODRiMmQ3Njp7InNlbGVjdGVkX3dlZWsiOjN9','2020-11-12 22:48:55.061065'),('ny8qnklu7628i22frxe4vl01c2ry35jw','NjM2NDU5ZTFlNzMwODJkZTkxNGIwNmM1N2U2Yjc3MGFiZDQzYjU4Mjp7InNlbGVjdGVkX3dlZWsiOjYsImNhcnRfaWQiOjI5LCJpdGVtc190b3RhbCI6MH0=','2020-08-24 04:08:16.258181'),('nzkbtupdjrn83fbaxon2fu98ioqds5cm','NDU2YzdhNDdmMTY3NDBkMDBkNzgxMWZmYzg2NDhiZDIxODRiMmQ3Njp7InNlbGVjdGVkX3dlZWsiOjN9','2020-10-22 17:03:32.055588'),('o3m17r1mqlr5j1jv1pln9raja4hhk105','NDU2YzdhNDdmMTY3NDBkMDBkNzgxMWZmYzg2NDhiZDIxODRiMmQ3Njp7InNlbGVjdGVkX3dlZWsiOjN9','2020-06-02 21:38:07.901521'),('o47i23nuyw1rgh79ol5bf50nloia9nm2','NDU2YzdhNDdmMTY3NDBkMDBkNzgxMWZmYzg2NDhiZDIxODRiMmQ3Njp7InNlbGVjdGVkX3dlZWsiOjN9','2020-08-23 21:46:49.805504'),('o4bbt70mxohi77j0lmvk6ubcnd6xut5q','NDU2YzdhNDdmMTY3NDBkMDBkNzgxMWZmYzg2NDhiZDIxODRiMmQ3Njp7InNlbGVjdGVkX3dlZWsiOjN9','2020-09-29 09:48:05.404751'),('o9098zcky0p4113g1lnqekajw3tbsma0','NDU2YzdhNDdmMTY3NDBkMDBkNzgxMWZmYzg2NDhiZDIxODRiMmQ3Njp7InNlbGVjdGVkX3dlZWsiOjN9','2020-11-24 09:03:48.123793'),('ofvyrbbw042uzgdv0f7fxjq18lisksca','NDMyYTRjYmZmNzcxY2IyMjk1MDNhZjI3ZjdjZjhjMTE3Nzc4NmNiYTp7InNlbGVjdGVkX3dlZWsiOjUsImNhcnRfaWQiOjI1LCJpdGVtc190b3RhbCI6MH0=','2020-08-06 13:47:32.375316'),('oi9akaxtcl39v14n8to7djb9dlpq67eu','NGUwNTllNGI5MzJmMDcyMGM1ZjNhZTE1Y2NiZTAxZGZhZmI5ZTFmNzp7InNlbGVjdGVkX3dlZWsiOjIsImNhcnRfaWQiOjE3LCJpdGVtc190b3RhbCI6Mjh9','2020-07-01 03:53:15.507753'),('oipj6co5snycuba7raq5u3a2tm9n6pr3','NDU2YzdhNDdmMTY3NDBkMDBkNzgxMWZmYzg2NDhiZDIxODRiMmQ3Njp7InNlbGVjdGVkX3dlZWsiOjN9','2020-10-26 07:41:41.460851'),('oq9ntme910875dxp8r1raozdaux7edjd','NDU2YzdhNDdmMTY3NDBkMDBkNzgxMWZmYzg2NDhiZDIxODRiMmQ3Njp7InNlbGVjdGVkX3dlZWsiOjN9','2020-09-20 03:27:30.841367'),('or7fszblc908pbwz0h01nhqhfgrcx5yj','NDU2YzdhNDdmMTY3NDBkMDBkNzgxMWZmYzg2NDhiZDIxODRiMmQ3Njp7InNlbGVjdGVkX3dlZWsiOjN9','2020-07-10 17:57:01.693592'),('ou2ox2l9yngq6qw3z8m1qajxljytu8oi','NDU2YzdhNDdmMTY3NDBkMDBkNzgxMWZmYzg2NDhiZDIxODRiMmQ3Njp7InNlbGVjdGVkX3dlZWsiOjN9','2020-10-16 20:26:13.718757'),('oudgzs2nauf77tpzuig6umlzi8ueawgd','NDU2YzdhNDdmMTY3NDBkMDBkNzgxMWZmYzg2NDhiZDIxODRiMmQ3Njp7InNlbGVjdGVkX3dlZWsiOjN9','2020-11-28 15:24:21.057139'),('oyoxcwmkzxegi5m6zxe3f5mak6y92kfi','NDU2YzdhNDdmMTY3NDBkMDBkNzgxMWZmYzg2NDhiZDIxODRiMmQ3Njp7InNlbGVjdGVkX3dlZWsiOjN9','2020-09-10 07:21:48.219141'),('oyuh6mifcx4dg04qw0xz4be54vnexolg','YjBjZGMxMmFhNWQ1NjM5N2UzOWNmYzJmZWUwMDU1MjAwNDIzNGNmNDp7InNlbGVjdGVkX3dlZWsiOjYsImNhcnRfaWQiOjQzLCJpdGVtc190b3RhbCI6MH0=','2020-12-06 21:33:16.324747'),('oz4tryzvmc8r69q4lpqdbtwfvtdqxsry','NDU2YzdhNDdmMTY3NDBkMDBkNzgxMWZmYzg2NDhiZDIxODRiMmQ3Njp7InNlbGVjdGVkX3dlZWsiOjN9','2020-11-15 18:33:56.501207'),('p17yxcme7wpc11bpau96yiqc7fecignn','NDU2YzdhNDdmMTY3NDBkMDBkNzgxMWZmYzg2NDhiZDIxODRiMmQ3Njp7InNlbGVjdGVkX3dlZWsiOjN9','2020-09-21 02:11:34.185741'),('p1cb0j3romkp377gbvdzig4vcy4om050','NDU2YzdhNDdmMTY3NDBkMDBkNzgxMWZmYzg2NDhiZDIxODRiMmQ3Njp7InNlbGVjdGVkX3dlZWsiOjN9','2020-09-25 01:38:09.295464'),('p3z1i5iad7b0aho9rd48zdydzmxetk7m','NDU2YzdhNDdmMTY3NDBkMDBkNzgxMWZmYzg2NDhiZDIxODRiMmQ3Njp7InNlbGVjdGVkX3dlZWsiOjN9','2020-10-12 01:14:40.847073'),('p4sw4a9zgyc7xmi3htdzjfajrlgm109r','NDU2YzdhNDdmMTY3NDBkMDBkNzgxMWZmYzg2NDhiZDIxODRiMmQ3Njp7InNlbGVjdGVkX3dlZWsiOjN9','2020-10-16 03:09:28.381211'),('p7qcia8uzya1lrk26q612u9hnvrkj5s0','NDU2YzdhNDdmMTY3NDBkMDBkNzgxMWZmYzg2NDhiZDIxODRiMmQ3Njp7InNlbGVjdGVkX3dlZWsiOjN9','2020-07-25 21:36:34.044503'),('p85qg1hvv6yiukyihy4tm2dcbul3p7ym','ZTdkZTlmNDI1ZTQwYjhmMmQyMzA4OGIyNTMxNDRlOGE1YzNhOTcwOTp7InNlbGVjdGVkX3dlZWsiOjUsImNhcnRfaWQiOjMwLCJpdGVtc190b3RhbCI6MH0=','2020-09-07 18:54:16.716752'),('payavvc38p2q29byqpm8kad5vwg2ekv8','NDU2YzdhNDdmMTY3NDBkMDBkNzgxMWZmYzg2NDhiZDIxODRiMmQ3Njp7InNlbGVjdGVkX3dlZWsiOjN9','2020-06-14 03:11:56.024492'),('pbm80ewl2t9nn7fxsinck55bzwbun65a','NDU2YzdhNDdmMTY3NDBkMDBkNzgxMWZmYzg2NDhiZDIxODRiMmQ3Njp7InNlbGVjdGVkX3dlZWsiOjN9','2020-10-31 12:26:32.347007'),('pbus08zls2qzoahger5xn974i417fohr','NDU2YzdhNDdmMTY3NDBkMDBkNzgxMWZmYzg2NDhiZDIxODRiMmQ3Njp7InNlbGVjdGVkX3dlZWsiOjN9','2020-07-29 21:54:12.236035'),('pdov4anb4qwe06p4ujtjxbvfk5uvs2rx','NDU2YzdhNDdmMTY3NDBkMDBkNzgxMWZmYzg2NDhiZDIxODRiMmQ3Njp7InNlbGVjdGVkX3dlZWsiOjN9','2020-10-18 18:16:19.077260'),('pfw0y04oklz6lsixg1nfezoxb2jjg4c8','NDU2YzdhNDdmMTY3NDBkMDBkNzgxMWZmYzg2NDhiZDIxODRiMmQ3Njp7InNlbGVjdGVkX3dlZWsiOjN9','2020-10-02 22:40:21.414521'),('pgjk03p0g8ekfh9lqwyxyg2udlezdirk','NDU2YzdhNDdmMTY3NDBkMDBkNzgxMWZmYzg2NDhiZDIxODRiMmQ3Njp7InNlbGVjdGVkX3dlZWsiOjN9','2020-10-07 13:01:46.922113'),('pi7wsqpzrhcu0xb421o1i364njwaq8ft','NDU2YzdhNDdmMTY3NDBkMDBkNzgxMWZmYzg2NDhiZDIxODRiMmQ3Njp7InNlbGVjdGVkX3dlZWsiOjN9','2020-09-12 13:56:29.321761'),('pk76q3riggycm3b7f89lze802k6ksnkt','NDU2YzdhNDdmMTY3NDBkMDBkNzgxMWZmYzg2NDhiZDIxODRiMmQ3Njp7InNlbGVjdGVkX3dlZWsiOjN9','2020-12-03 19:14:59.430106'),('pl17ex1o2p6yl7h90c2ixy6z0oaw37ci','NDU2YzdhNDdmMTY3NDBkMDBkNzgxMWZmYzg2NDhiZDIxODRiMmQ3Njp7InNlbGVjdGVkX3dlZWsiOjN9','2020-11-24 12:19:09.265234'),('pl9rwslavyhci0v96jh781kx8u0d1cjs','NDU2YzdhNDdmMTY3NDBkMDBkNzgxMWZmYzg2NDhiZDIxODRiMmQ3Njp7InNlbGVjdGVkX3dlZWsiOjN9','2020-10-27 22:33:43.421239'),('ple80gcazbu0jdydxvy7edi6yw6hlene','ZmQ1MGYyNzI1OTIyNjZjM2U1ZTU5ZjNiNDUyNmNkMTViN2E1N2Y1MTp7InNlbGVjdGVkX3dlZWsiOjIsImNhcnRfaWQiOjI3LCJpdGVtc190b3RhbCI6MTl9','2020-09-09 20:11:29.589166'),('pn23rq9p2491qwp9t6kuswm39b2qmz4t','NDU2YzdhNDdmMTY3NDBkMDBkNzgxMWZmYzg2NDhiZDIxODRiMmQ3Njp7InNlbGVjdGVkX3dlZWsiOjN9','2020-09-23 08:36:25.622589'),('pn2klrnyg9n8v6ciegm9vxnkasb9521a','NDU2YzdhNDdmMTY3NDBkMDBkNzgxMWZmYzg2NDhiZDIxODRiMmQ3Njp7InNlbGVjdGVkX3dlZWsiOjN9','2020-09-06 04:48:37.740857'),('powjadxabhm9osqdr9cifynmskeayoc9','MjgzZTk1Mjc1YmRlMGNkOTZkNjlhYTYyMzlhYmZkMDgzYjJmYWYwMjp7InNlbGVjdGVkX3dlZWsiOjEsImNhcnRfaWQiOjM1LCJpdGVtc190b3RhbCI6MjR9','2020-11-09 22:56:26.316726'),('ppb10nu3pryk109w7l3tm2ogznomv54r','NDU2YzdhNDdmMTY3NDBkMDBkNzgxMWZmYzg2NDhiZDIxODRiMmQ3Njp7InNlbGVjdGVkX3dlZWsiOjN9','2020-08-01 15:58:31.030330'),('prlg9a37zdhnaacw55xz12wtmwatdylk','NDU2YzdhNDdmMTY3NDBkMDBkNzgxMWZmYzg2NDhiZDIxODRiMmQ3Njp7InNlbGVjdGVkX3dlZWsiOjN9','2020-10-13 08:07:44.356549'),('pty6s3nkr2drpib0yt2bvee8bmsf9nqf','NDU2YzdhNDdmMTY3NDBkMDBkNzgxMWZmYzg2NDhiZDIxODRiMmQ3Njp7InNlbGVjdGVkX3dlZWsiOjN9','2020-11-08 04:26:21.080872'),('pwyqory7yvgcfqxbjgl7gly1z3pc0g26','NDU2YzdhNDdmMTY3NDBkMDBkNzgxMWZmYzg2NDhiZDIxODRiMmQ3Njp7InNlbGVjdGVkX3dlZWsiOjN9','2020-11-23 17:43:38.001238'),('pz4ac4r1fwg02xnyfipnoxmoc66vk2jj','NDU2YzdhNDdmMTY3NDBkMDBkNzgxMWZmYzg2NDhiZDIxODRiMmQ3Njp7InNlbGVjdGVkX3dlZWsiOjN9','2020-11-02 17:03:37.113363'),('q07erezfkb8mtkbjcm3h1u1q4rtxchrz','NDU2YzdhNDdmMTY3NDBkMDBkNzgxMWZmYzg2NDhiZDIxODRiMmQ3Njp7InNlbGVjdGVkX3dlZWsiOjN9','2020-07-01 18:13:50.221420'),('q1j3p1lgib23em4eg5maiu5tiks5wlut','NjA5OGY5ZTFkN2RhMWZmYzZhODc5NDg5YzM0MTY4YzA2ZGJhMzcxZDp7InNlbGVjdGVkX3dlZWsiOjYsImNhcnRfaWQiOjIyLCJpdGVtc190b3RhbCI6MH0=','2020-07-06 03:28:00.238233'),('q3fnb3hnzhf5se1zkk0qntbp7xei0lg8','NDU2YzdhNDdmMTY3NDBkMDBkNzgxMWZmYzg2NDhiZDIxODRiMmQ3Njp7InNlbGVjdGVkX3dlZWsiOjN9','2020-08-01 15:59:13.853003'),('q5iepnflukf1cztqq2qqf65hdvt8zlp3','NDU2YzdhNDdmMTY3NDBkMDBkNzgxMWZmYzg2NDhiZDIxODRiMmQ3Njp7InNlbGVjdGVkX3dlZWsiOjN9','2020-09-13 23:00:34.314826'),('q5osxq9osb8jvq5pui4p2gb78hmjf20e','NDU2YzdhNDdmMTY3NDBkMDBkNzgxMWZmYzg2NDhiZDIxODRiMmQ3Njp7InNlbGVjdGVkX3dlZWsiOjN9','2020-10-16 14:50:51.074002'),('q5pftkky19uknl584ej1wr0i0nm7u3aj','Y2NlOGFjMzNjMjM4MWM3MzdjY2IyNTI5MzI0NGRiNGIwMjUyY2M0ODp7InNlbGVjdGVkX3dlZWsiOjAsImNhcnRfaWQiOjI1LCJpdGVtc190b3RhbCI6Mjh9','2020-09-12 00:55:55.162490'),('q96d8e802rjvzagn334zuywavyaklxzj','NDU2YzdhNDdmMTY3NDBkMDBkNzgxMWZmYzg2NDhiZDIxODRiMmQ3Njp7InNlbGVjdGVkX3dlZWsiOjN9','2020-08-28 16:40:19.420189'),('q9kk03pyconef9a6sryed3huiebijd9w','ZmUzNjkyZTg3YzkxMjU3YmViOTZhZWEzYWU2MDUxZTY1NDlkZDg3Njp7InNlbGVjdGVkX3dlZWsiOjMsIl9hdXRoX3VzZXJfaWQiOiIxIiwiX2F1dGhfdXNlcl9iYWNrZW5kIjoiZGphbmdvLmNvbnRyaWIuYXV0aC5iYWNrZW5kcy5Nb2RlbEJhY2tlbmQiLCJfYXV0aF91c2VyX2hhc2giOiJiN2FhZTdkMmI2MDNhMjFlYzU3NWJiZjUwYzRhZDIyOGYzYTQ5MDMxIiwiY2FydF9pZCI6MTQsIml0ZW1zX3RvdGFsIjoyNn0=','2020-06-11 20:15:43.853465'),('qaterff1sxe7k6rdbh09j0o6vnzrqd35','ZTRiYWY2Y2VmZjZmNzQxMzgzNDRkOWJiZjI3Y2E1MzBhZjg3ZWJlNDp7InNlbGVjdGVkX3dlZWsiOjMsImNhcnRfaWQiOjMwLCJpdGVtc190b3RhbCI6MzF9','2020-09-26 01:01:15.067217'),('qawwlirzgcc2a4is8mhh985hzypcwmo9','NDU2YzdhNDdmMTY3NDBkMDBkNzgxMWZmYzg2NDhiZDIxODRiMmQ3Njp7InNlbGVjdGVkX3dlZWsiOjN9','2020-10-01 18:18:59.389438'),('qbum0q62rwiygevtyn5jcv878r7oixwe','NDU2YzdhNDdmMTY3NDBkMDBkNzgxMWZmYzg2NDhiZDIxODRiMmQ3Njp7InNlbGVjdGVkX3dlZWsiOjN9','2020-11-25 17:41:01.694503'),('qcxgqmpjdwsqlztkyf1phz1kf5uaqb6v','NDU2YzdhNDdmMTY3NDBkMDBkNzgxMWZmYzg2NDhiZDIxODRiMmQ3Njp7InNlbGVjdGVkX3dlZWsiOjN9','2020-05-19 02:22:37.866892'),('qgnzbjqz3xfamdxqpjxgo7vloh68skhs','NDU2YzdhNDdmMTY3NDBkMDBkNzgxMWZmYzg2NDhiZDIxODRiMmQ3Njp7InNlbGVjdGVkX3dlZWsiOjN9','2020-10-19 02:42:41.851182'),('qhkc4b4otmmaqjpniioa4j2vv37c68o7','ZjFjMDI4MWU3OGY5MWM3YmYwYzBiMjIwMTc5YzhmN2EzNjQ4M2EzODp7InNlbGVjdGVkX3dlZWsiOjMsIl9hdXRoX3VzZXJfaWQiOiIxIiwiX2F1dGhfdXNlcl9iYWNrZW5kIjoiZGphbmdvLmNvbnRyaWIuYXV0aC5iYWNrZW5kcy5Nb2RlbEJhY2tlbmQiLCJfYXV0aF91c2VyX2hhc2giOiJiN2FhZTdkMmI2MDNhMjFlYzU3NWJiZjUwYzRhZDIyOGYzYTQ5MDMxIiwiY2FydF9pZCI6MTksIml0ZW1zX3RvdGFsIjoyNH0=','2020-07-10 02:31:27.625250'),('qk16h36u3tfvg6391s7k81ph3v7c96sl','NDU2YzdhNDdmMTY3NDBkMDBkNzgxMWZmYzg2NDhiZDIxODRiMmQ3Njp7InNlbGVjdGVkX3dlZWsiOjN9','2020-09-07 13:55:32.965159'),('qkcthu7zdbeapu5yv9gf9h66ci0es7n1','NDU2YzdhNDdmMTY3NDBkMDBkNzgxMWZmYzg2NDhiZDIxODRiMmQ3Njp7InNlbGVjdGVkX3dlZWsiOjN9','2020-09-20 01:21:11.225699'),('qmev1el804q5gx32vgpi0pek6g82prbs','NDU2YzdhNDdmMTY3NDBkMDBkNzgxMWZmYzg2NDhiZDIxODRiMmQ3Njp7InNlbGVjdGVkX3dlZWsiOjN9','2020-06-26 18:00:28.475021'),('qnzjr0zet60armu4r6hsw19tc9ldwoyf','NDU2YzdhNDdmMTY3NDBkMDBkNzgxMWZmYzg2NDhiZDIxODRiMmQ3Njp7InNlbGVjdGVkX3dlZWsiOjN9','2020-10-21 11:09:21.879881'),('qosms9kwh4mhojtysza0jkpbhz91h7rt','NDU2YzdhNDdmMTY3NDBkMDBkNzgxMWZmYzg2NDhiZDIxODRiMmQ3Njp7InNlbGVjdGVkX3dlZWsiOjN9','2020-10-23 23:53:01.409036'),('qp7o0hbgmiqfp1bayfdnnwx985n9600r','NDU2YzdhNDdmMTY3NDBkMDBkNzgxMWZmYzg2NDhiZDIxODRiMmQ3Njp7InNlbGVjdGVkX3dlZWsiOjN9','2020-12-02 11:34:23.457618'),('qsoxmv41rdj0ku1q1zf02cmtzxu318b1','NDU2YzdhNDdmMTY3NDBkMDBkNzgxMWZmYzg2NDhiZDIxODRiMmQ3Njp7InNlbGVjdGVkX3dlZWsiOjN9','2020-10-25 17:19:31.326513'),('qsppbg47rztjj4l5pkljnajora9hswfh','NDU2YzdhNDdmMTY3NDBkMDBkNzgxMWZmYzg2NDhiZDIxODRiMmQ3Njp7InNlbGVjdGVkX3dlZWsiOjN9','2020-06-20 08:26:44.618635'),('qx1mbxgqjjibvv6qy5cazh1vyq7bvsoi','OWFhNWM5NjVjYTU1ZmU5MTNlNTY4YTNkYzlmYjYyZjMxNjM2ZGY1ZTp7Il9hdXRoX3VzZXJfaWQiOiIxIiwiX2F1dGhfdXNlcl9iYWNrZW5kIjoiZGphbmdvLmNvbnRyaWIuYXV0aC5iYWNrZW5kcy5Nb2RlbEJhY2tlbmQiLCJfYXV0aF91c2VyX2hhc2giOiJiN2FhZTdkMmI2MDNhMjFlYzU3NWJiZjUwYzRhZDIyOGYzYTQ5MDMxIiwiY2FydF9pZCI6MywiaXRlbXNfdG90YWwiOjUyfQ==','2020-04-10 04:50:54.086347'),('qxcc011x57pqmik166djjj3h86bchhty','NDU2YzdhNDdmMTY3NDBkMDBkNzgxMWZmYzg2NDhiZDIxODRiMmQ3Njp7InNlbGVjdGVkX3dlZWsiOjN9','2020-10-20 18:06:41.591438'),('r0l2uqvtj370m9dfhsebcz4o077nw6e2','NmNhNzZiYjQ0YzBlMTY0MDQwNjZmNjFlZGE2MGEzNmMwMDMxNjUyNjp7InNlbGVjdGVkX3dlZWsiOjMsImNhcnRfaWQiOjI1LCJpdGVtc190b3RhbCI6MjksIl9hdXRoX3VzZXJfaWQiOiIxIiwiX2F1dGhfdXNlcl9iYWNrZW5kIjoiZGphbmdvLmNvbnRyaWIuYXV0aC5iYWNrZW5kcy5Nb2RlbEJhY2tlbmQiLCJfYXV0aF91c2VyX2hhc2giOiJiN2FhZTdkMmI2MDNhMjFlYzU3NWJiZjUwYzRhZDIyOGYzYTQ5MDMxIn0=','2020-08-20 02:45:42.487482'),('r2ft31a3j9g3o37a5jmbcyrnt5g2syov','NDU2YzdhNDdmMTY3NDBkMDBkNzgxMWZmYzg2NDhiZDIxODRiMmQ3Njp7InNlbGVjdGVkX3dlZWsiOjN9','2020-09-28 07:52:51.670947'),('r3sl0udffj6za6foqh69u8k00054gcmz','NDU2YzdhNDdmMTY3NDBkMDBkNzgxMWZmYzg2NDhiZDIxODRiMmQ3Njp7InNlbGVjdGVkX3dlZWsiOjN9','2020-07-25 00:48:11.786272'),('r48wpjs205ndld3qlk5u6ckt5hxprsyx','NDU2YzdhNDdmMTY3NDBkMDBkNzgxMWZmYzg2NDhiZDIxODRiMmQ3Njp7InNlbGVjdGVkX3dlZWsiOjN9','2020-10-24 16:24:19.688709'),('r5e50o1z0ef825z3zekpxp416cf8i3r7','NDU2YzdhNDdmMTY3NDBkMDBkNzgxMWZmYzg2NDhiZDIxODRiMmQ3Njp7InNlbGVjdGVkX3dlZWsiOjN9','2020-11-04 19:44:47.345258'),('r5h8ey520garu852y1t23x49y8pil1i8','ZDM1YmI5ZjdjOWQ1ZTBiYmQ4MDBmZGM3NzU0MmY2M2Q3ZGUwMDVlMjp7InNlbGVjdGVkX3dlZWsiOjAsImNhcnRfaWQiOjExLCJpdGVtc190b3RhbCI6MH0=','2020-06-03 00:19:55.231035'),('r85o3tfebvmeifdpr4ae0vslp1sswg3s','NDU2YzdhNDdmMTY3NDBkMDBkNzgxMWZmYzg2NDhiZDIxODRiMmQ3Njp7InNlbGVjdGVkX3dlZWsiOjN9','2020-08-20 11:03:29.817501'),('rbbixr6di50sv04gnbvbi3vr1td4awf4','NDU2YzdhNDdmMTY3NDBkMDBkNzgxMWZmYzg2NDhiZDIxODRiMmQ3Njp7InNlbGVjdGVkX3dlZWsiOjN9','2020-09-27 09:18:09.232866'),('rd2n2ui80vz0q5ka97yajhdwl6hs5xwl','NDU2YzdhNDdmMTY3NDBkMDBkNzgxMWZmYzg2NDhiZDIxODRiMmQ3Njp7InNlbGVjdGVkX3dlZWsiOjN9','2020-09-01 12:27:24.912235'),('rfpq66c9t27kis1b5el7gdbc0j0p6ujz','NDU2YzdhNDdmMTY3NDBkMDBkNzgxMWZmYzg2NDhiZDIxODRiMmQ3Njp7InNlbGVjdGVkX3dlZWsiOjN9','2020-09-06 12:39:59.291047'),('rg1c2uzeh25aohlqcl2g62byeqo9zqlr','NDU2YzdhNDdmMTY3NDBkMDBkNzgxMWZmYzg2NDhiZDIxODRiMmQ3Njp7InNlbGVjdGVkX3dlZWsiOjN9','2020-11-13 15:11:30.403147'),('rgmytjngeyfyq68pwlz5un8ltpf0k1a3','NDU2YzdhNDdmMTY3NDBkMDBkNzgxMWZmYzg2NDhiZDIxODRiMmQ3Njp7InNlbGVjdGVkX3dlZWsiOjN9','2020-11-17 21:22:20.154222'),('rhmlayeiv6uxqjtlpfofpw8tjwjllxj9','NDU2YzdhNDdmMTY3NDBkMDBkNzgxMWZmYzg2NDhiZDIxODRiMmQ3Njp7InNlbGVjdGVkX3dlZWsiOjN9','2020-10-11 18:50:40.341348'),('rkqj7x3xmusjaoakx7s9hubq7vaasuhe','NDU2YzdhNDdmMTY3NDBkMDBkNzgxMWZmYzg2NDhiZDIxODRiMmQ3Njp7InNlbGVjdGVkX3dlZWsiOjN9','2020-10-12 06:31:53.735258'),('rmavthj10x4hmz7efg2jxxfkvion8l7j','NDU2YzdhNDdmMTY3NDBkMDBkNzgxMWZmYzg2NDhiZDIxODRiMmQ3Njp7InNlbGVjdGVkX3dlZWsiOjN9','2020-11-26 08:03:22.484353'),('rnw39xxuqxj23c3jrw6f3uw3f1wnjyh2','NDU2YzdhNDdmMTY3NDBkMDBkNzgxMWZmYzg2NDhiZDIxODRiMmQ3Njp7InNlbGVjdGVkX3dlZWsiOjN9','2020-12-08 07:15:00.218967'),('rpw58381psssdm2w6d30lwrpfpirzw42','NDU2YzdhNDdmMTY3NDBkMDBkNzgxMWZmYzg2NDhiZDIxODRiMmQ3Njp7InNlbGVjdGVkX3dlZWsiOjN9','2020-07-28 15:43:44.258160'),('rq5tx4wm8pof7bza0l069d51npiahidk','OGQ5ZGFlOTZlYTQyMTc2NDAyNWFkMjY1ODQ3OGEzYzdmMWZlMjNjNjp7InNlbGVjdGVkX3dlZWsiOjYsImNhcnRfaWQiOjE3LCJpdGVtc190b3RhbCI6MH0=','2020-06-04 00:52:28.032468'),('rss3vmknz0ukyveqhyk563oejhdpjywa','NDU2YzdhNDdmMTY3NDBkMDBkNzgxMWZmYzg2NDhiZDIxODRiMmQ3Njp7InNlbGVjdGVkX3dlZWsiOjN9','2020-08-23 14:13:54.500814'),('rv09ewd9t7o0ojmzamq69gasxw6f5y48','NDU2YzdhNDdmMTY3NDBkMDBkNzgxMWZmYzg2NDhiZDIxODRiMmQ3Njp7InNlbGVjdGVkX3dlZWsiOjN9','2020-09-30 20:19:04.707192'),('rztura2sjgs80bz4i6dxfnspne91lp4m','NDU2YzdhNDdmMTY3NDBkMDBkNzgxMWZmYzg2NDhiZDIxODRiMmQ3Njp7InNlbGVjdGVkX3dlZWsiOjN9','2020-07-29 16:40:24.173715'),('rzyn1v01ypmsks9bi7bjnmnvp00i8c0y','NDU2YzdhNDdmMTY3NDBkMDBkNzgxMWZmYzg2NDhiZDIxODRiMmQ3Njp7InNlbGVjdGVkX3dlZWsiOjN9','2020-10-28 08:36:03.390136'),('s0bvy4fhiq5dwkblfuqr5hzl7gegmq82','NDU2YzdhNDdmMTY3NDBkMDBkNzgxMWZmYzg2NDhiZDIxODRiMmQ3Njp7InNlbGVjdGVkX3dlZWsiOjN9','2020-08-01 16:00:37.996811'),('s12f8dgjqnggqdbjio3s2xf3kxmjii4e','OGRlMWJjMDM1NmVmY2FmZGM2MGZmZTJlMjYyZDUyYTc0ZjQ2Njc1YTp7InNlbGVjdGVkX3dlZWsiOjYsImNhcnRfaWQiOjQyLCJpdGVtc190b3RhbCI6MH0=','2020-11-23 15:28:59.148467'),('s1evi8318uqo7vav0frxhy6heyl4db5r','NDU2YzdhNDdmMTY3NDBkMDBkNzgxMWZmYzg2NDhiZDIxODRiMmQ3Njp7InNlbGVjdGVkX3dlZWsiOjN9','2020-11-29 23:40:58.631798'),('s1r3gg43yyycmh848ojpdn717nuylrcc','NDU2YzdhNDdmMTY3NDBkMDBkNzgxMWZmYzg2NDhiZDIxODRiMmQ3Njp7InNlbGVjdGVkX3dlZWsiOjN9','2020-08-29 10:26:55.470487'),('s39al1q9qt26qn6hwf0rvoppsspkn2ff','NDU2YzdhNDdmMTY3NDBkMDBkNzgxMWZmYzg2NDhiZDIxODRiMmQ3Njp7InNlbGVjdGVkX3dlZWsiOjN9','2020-06-17 04:48:30.333444'),('s40b2vafww9r1psl751g1f7ezvjwgwr6','NDU2YzdhNDdmMTY3NDBkMDBkNzgxMWZmYzg2NDhiZDIxODRiMmQ3Njp7InNlbGVjdGVkX3dlZWsiOjN9','2020-10-15 05:14:59.466128'),('s4c3cftmhk3banh0e3a4yun32svgyxw2','NDU2YzdhNDdmMTY3NDBkMDBkNzgxMWZmYzg2NDhiZDIxODRiMmQ3Njp7InNlbGVjdGVkX3dlZWsiOjN9','2020-11-20 02:39:50.464455'),('s5gg8q33no9ktiztzzmz4axesq24oy8n','NDU2YzdhNDdmMTY3NDBkMDBkNzgxMWZmYzg2NDhiZDIxODRiMmQ3Njp7InNlbGVjdGVkX3dlZWsiOjN9','2020-11-28 16:50:13.915283'),('s6gew9o4k5vzeryxnvhvak8l2tk79t5d','NDU2YzdhNDdmMTY3NDBkMDBkNzgxMWZmYzg2NDhiZDIxODRiMmQ3Njp7InNlbGVjdGVkX3dlZWsiOjN9','2020-11-28 20:37:45.640850'),('s6wstmcihv51frvbre8q6pcn15kqaago','NDU2YzdhNDdmMTY3NDBkMDBkNzgxMWZmYzg2NDhiZDIxODRiMmQ3Njp7InNlbGVjdGVkX3dlZWsiOjN9','2020-09-02 12:52:33.716254'),('s7kcxkzsl0h14h91wwey9ntntgk79ofc','NDU2YzdhNDdmMTY3NDBkMDBkNzgxMWZmYzg2NDhiZDIxODRiMmQ3Njp7InNlbGVjdGVkX3dlZWsiOjN9','2020-12-01 18:08:16.629981'),('s8m8gun8xt6my6y457ekgmgrxcvj05bx','ZWM5YzQ3ZDhlZTI0NDM3Mjc0ZjJmYzYxYjU4NTU0N2Y0M2E5ZWMyMzp7InNlbGVjdGVkX3dlZWsiOjUsImNhcnRfaWQiOjQwLCJpdGVtc190b3RhbCI6MH0=','2020-11-15 18:36:23.402309'),('sbzf3d5miztcp8h1v6ho2dpviw98ykz2','NDU2YzdhNDdmMTY3NDBkMDBkNzgxMWZmYzg2NDhiZDIxODRiMmQ3Njp7InNlbGVjdGVkX3dlZWsiOjN9','2020-09-24 06:38:51.344211'),('sdexs325yaw0rpmdm7zdpwm8w7i7dv4l','NDU2YzdhNDdmMTY3NDBkMDBkNzgxMWZmYzg2NDhiZDIxODRiMmQ3Njp7InNlbGVjdGVkX3dlZWsiOjN9','2020-09-24 15:50:48.175161'),('sdqn3r49xmajoljd4d7a9mo24mdz2lgd','NDU2YzdhNDdmMTY3NDBkMDBkNzgxMWZmYzg2NDhiZDIxODRiMmQ3Njp7InNlbGVjdGVkX3dlZWsiOjN9','2020-09-13 16:20:11.605163'),('sdu6fkviewdhf3ikifucyw9hqwustvx6','NDk4OTZhNWZjNjlhMmQ4OTZjMWIxY2IzMTE0NDYwMzQwMTUyMjRlMjp7InNlbGVjdGVkX3dlZWsiOjMsImNhcnRfaWQiOjQwLCJpdGVtc190b3RhbCI6MH0=','2020-11-24 13:25:59.196334'),('se0th27cdbzc265ov7dg5vy4vv9ad0dq','NDU2YzdhNDdmMTY3NDBkMDBkNzgxMWZmYzg2NDhiZDIxODRiMmQ3Njp7InNlbGVjdGVkX3dlZWsiOjN9','2020-06-16 22:50:44.454065'),('sg4gfnzsa2koiu4lc2pbie53p1nk52ln','NDU2YzdhNDdmMTY3NDBkMDBkNzgxMWZmYzg2NDhiZDIxODRiMmQ3Njp7InNlbGVjdGVkX3dlZWsiOjN9','2020-09-28 13:16:29.458828'),('siw5epmuwr2x1whc5rq50npyj9dblsr7','NDU2YzdhNDdmMTY3NDBkMDBkNzgxMWZmYzg2NDhiZDIxODRiMmQ3Njp7InNlbGVjdGVkX3dlZWsiOjN9','2020-08-29 09:50:17.950020'),('sk8qan5npolp8a4t1sy69n0k2lnerjv1','YjJiOWMyYWMwNWE0N2I0MDZjN2RjYWMxZmJkNDA5NjU3ZGRjMmE4Mjp7InNlbGVjdGVkX3dlZWsiOjYsImNhcnRfaWQiOjMxLCJpdGVtc190b3RhbCI6MH0=','2020-09-10 16:46:36.935692'),('slv8x37x91imxwqyzs51v7k98r47hz73','YTVmNTkwOTA4MTdhMjAxMjg0NDcwYmY0YTExMWZlMzliODc3MzgxNjp7InNlbGVjdGVkX3dlZWsiOjUsImNhcnRfaWQiOjQxLCJpdGVtc190b3RhbCI6MH0=','2020-11-24 17:06:56.034556'),('soc1dlolvhuet7rzgckpyk89da63gv6h','NDU2YzdhNDdmMTY3NDBkMDBkNzgxMWZmYzg2NDhiZDIxODRiMmQ3Njp7InNlbGVjdGVkX3dlZWsiOjN9','2020-08-31 00:52:32.848403'),('sot3sgnfb8st3glonfxqjo5jjhwqsv26','NDU2YzdhNDdmMTY3NDBkMDBkNzgxMWZmYzg2NDhiZDIxODRiMmQ3Njp7InNlbGVjdGVkX3dlZWsiOjN9','2020-11-09 11:06:58.497006'),('sqpz2exhbn58nxcxj12enk92tc64erz0','NDU2YzdhNDdmMTY3NDBkMDBkNzgxMWZmYzg2NDhiZDIxODRiMmQ3Njp7InNlbGVjdGVkX3dlZWsiOjN9','2020-10-12 06:31:14.358552'),('srfy1oxiuyyes2uh7kdvjdoqf0zjuo90','NDU2YzdhNDdmMTY3NDBkMDBkNzgxMWZmYzg2NDhiZDIxODRiMmQ3Njp7InNlbGVjdGVkX3dlZWsiOjN9','2020-10-01 13:14:04.437236'),('srige26x4jx6d935drzgbidlkm1a449f','NDU2YzdhNDdmMTY3NDBkMDBkNzgxMWZmYzg2NDhiZDIxODRiMmQ3Njp7InNlbGVjdGVkX3dlZWsiOjN9','2020-07-28 18:51:39.946926'),('ssatpjc6a6mfc1hjbp7dkeg12lj2qptc','NDU2YzdhNDdmMTY3NDBkMDBkNzgxMWZmYzg2NDhiZDIxODRiMmQ3Njp7InNlbGVjdGVkX3dlZWsiOjN9','2020-10-19 23:55:56.037593'),('st7gsylxhn6adiz8nncibel6k73myd5x','NDU2YzdhNDdmMTY3NDBkMDBkNzgxMWZmYzg2NDhiZDIxODRiMmQ3Njp7InNlbGVjdGVkX3dlZWsiOjN9','2020-07-29 17:31:39.982960'),('sv09bkq1t9xra9emhwoy0gb1ffnyahnl','NDU2YzdhNDdmMTY3NDBkMDBkNzgxMWZmYzg2NDhiZDIxODRiMmQ3Njp7InNlbGVjdGVkX3dlZWsiOjN9','2020-11-18 11:56:48.325420'),('sw8pxywmm7n68p5dz44ox2hh0vo8u391','NDU2YzdhNDdmMTY3NDBkMDBkNzgxMWZmYzg2NDhiZDIxODRiMmQ3Njp7InNlbGVjdGVkX3dlZWsiOjN9','2020-09-10 16:46:40.239794'),('syco31jjdkqu3dd1wss9cnv4miad8v5b','NDU2YzdhNDdmMTY3NDBkMDBkNzgxMWZmYzg2NDhiZDIxODRiMmQ3Njp7InNlbGVjdGVkX3dlZWsiOjN9','2020-08-13 14:04:57.871602'),('t0fn8opqjmmi59guyio9iqo9sgm0mgah','NDU2YzdhNDdmMTY3NDBkMDBkNzgxMWZmYzg2NDhiZDIxODRiMmQ3Njp7InNlbGVjdGVkX3dlZWsiOjN9','2020-09-09 21:32:42.661759'),('t6dkivhwbw56kbht5wbrt1yzo4enaz7v','OGRlMWJjMDM1NmVmY2FmZGM2MGZmZTJlMjYyZDUyYTc0ZjQ2Njc1YTp7InNlbGVjdGVkX3dlZWsiOjYsImNhcnRfaWQiOjQyLCJpdGVtc190b3RhbCI6MH0=','2020-11-27 18:14:01.028958'),('t7o1gjmj11ujt2a0tsgd1stw8moocvki','MTcyMWI1ZmRmMzMwZDE3NWVmYWZmNzM3NjVmYzAxYmU0YzcwZDgyMDp7InNlbGVjdGVkX3dlZWsiOjUsImNhcnRfaWQiOjMzLCJpdGVtc190b3RhbCI6MH0=','2020-09-29 12:04:48.282034'),('t7q5fdh8dubhlgmr3navg197kxtdwaje','M2M5MTkxYjMxM2M4MWI5OGMwODBlOTAwNzE0YWIzZDQwMTllODg5Nzp7Il9hdXRoX3VzZXJfaWQiOiIxIiwiX2F1dGhfdXNlcl9iYWNrZW5kIjoiZGphbmdvLmNvbnRyaWIuYXV0aC5iYWNrZW5kcy5Nb2RlbEJhY2tlbmQiLCJfYXV0aF91c2VyX2hhc2giOiJiN2FhZTdkMmI2MDNhMjFlYzU3NWJiZjUwYzRhZDIyOGYzYTQ5MDMxIiwiY2FydF9pZCI6NjQsIml0ZW1zX3RvdGFsIjoxN30=','2020-03-23 20:24:41.222000'),('t9t20qc3as9mti8552syfqo43p0rke8j','NDU2YzdhNDdmMTY3NDBkMDBkNzgxMWZmYzg2NDhiZDIxODRiMmQ3Njp7InNlbGVjdGVkX3dlZWsiOjN9','2020-06-18 01:22:14.127885'),('tawlpsml5lhl3wkjzdovdap85kvyzaoi','NDU2YzdhNDdmMTY3NDBkMDBkNzgxMWZmYzg2NDhiZDIxODRiMmQ3Njp7InNlbGVjdGVkX3dlZWsiOjN9','2020-08-11 19:55:11.761834'),('tdtgt29n5k93auvy5vxal8sksfbklkoy','ZmEwYzQ4Y2I3OGQ0NmY4YzhjZmQ1OWRiNzRlMTE5ODY3Yzk3NGM2ODp7InNlbGVjdGVkX3dlZWsiOjQsImNhcnRfaWQiOjMxLCJpdGVtc190b3RhbCI6MH0=','2020-09-27 08:59:52.964710'),('terfc69hk7gvb7tmh9kku58ng8jm6uvc','NDU2YzdhNDdmMTY3NDBkMDBkNzgxMWZmYzg2NDhiZDIxODRiMmQ3Njp7InNlbGVjdGVkX3dlZWsiOjN9','2020-09-19 07:52:20.853146'),('tg77u8jd5g6d23xcc2bghyy0sgwlyae5','NDU2YzdhNDdmMTY3NDBkMDBkNzgxMWZmYzg2NDhiZDIxODRiMmQ3Njp7InNlbGVjdGVkX3dlZWsiOjN9','2020-10-11 14:24:51.632027'),('tgjrcbn1ny82na0a5upxv053gdl9bbm3','ZjI0MmZlZGIyZjczM2RjYWI2OWUxODNhYjBkNTRiNzAwNzQyMWYwZjp7InNlbGVjdGVkX3dlZWsiOjQsImNhcnRfaWQiOjI5LCJpdGVtc190b3RhbCI6MH0=','2020-09-08 19:18:35.351519'),('tgujimlxekv3w8t9uh291aojuvurve0v','NDU2YzdhNDdmMTY3NDBkMDBkNzgxMWZmYzg2NDhiZDIxODRiMmQ3Njp7InNlbGVjdGVkX3dlZWsiOjN9','2020-07-09 00:33:36.883048'),('tjzahncmxu9k0wktn7k72weswmwng703','YTVmNTkwOTA4MTdhMjAxMjg0NDcwYmY0YTExMWZlMzliODc3MzgxNjp7InNlbGVjdGVkX3dlZWsiOjUsImNhcnRfaWQiOjQxLCJpdGVtc190b3RhbCI6MH0=','2020-11-27 23:19:41.512640'),('tl44pw4m9mgjla16v7kt9jpsbk8am0c5','NDU2YzdhNDdmMTY3NDBkMDBkNzgxMWZmYzg2NDhiZDIxODRiMmQ3Njp7InNlbGVjdGVkX3dlZWsiOjN9','2020-09-19 04:32:38.042421'),('tnsybqo2d9wb5uoqtgtrtosydgnliq1f','NDU2YzdhNDdmMTY3NDBkMDBkNzgxMWZmYzg2NDhiZDIxODRiMmQ3Njp7InNlbGVjdGVkX3dlZWsiOjN9','2020-12-05 05:20:34.033665'),('ton5nrnck4nggotvu68b08irtlar41cu','NDU2YzdhNDdmMTY3NDBkMDBkNzgxMWZmYzg2NDhiZDIxODRiMmQ3Njp7InNlbGVjdGVkX3dlZWsiOjN9','2020-09-05 01:54:20.611643'),('tt3t12wvnxn8bzvdl4twro0mnm7ul2na','NDU2YzdhNDdmMTY3NDBkMDBkNzgxMWZmYzg2NDhiZDIxODRiMmQ3Njp7InNlbGVjdGVkX3dlZWsiOjN9','2020-09-09 08:16:53.986700'),('tu4rsuzk070hc3lt3zxreoydh4y2gqzz','NDU2YzdhNDdmMTY3NDBkMDBkNzgxMWZmYzg2NDhiZDIxODRiMmQ3Njp7InNlbGVjdGVkX3dlZWsiOjN9','2020-09-28 12:48:46.759648'),('txz1qpf53ptr7yfb7ynabrrxbmaqcgrl','NDU2YzdhNDdmMTY3NDBkMDBkNzgxMWZmYzg2NDhiZDIxODRiMmQ3Njp7InNlbGVjdGVkX3dlZWsiOjN9','2020-09-24 04:40:22.589602'),('ty3r3d7drqxw46ow1p7oalam0d79oi0g','MzNlNGRlNTdkNTM0OTM0YTg0ZGM0MGZmYThlMzY5ZjUzODU2Y2RjOTp7InNlbGVjdGVkX3dlZWsiOjQsImNhcnRfaWQiOjMwLCJpdGVtc190b3RhbCI6MH0=','2020-09-14 03:54:33.224617'),('ty9ebvpau3xga2nv0ec6p3jh2kim1q56','NDU2YzdhNDdmMTY3NDBkMDBkNzgxMWZmYzg2NDhiZDIxODRiMmQ3Njp7InNlbGVjdGVkX3dlZWsiOjN9','2020-11-20 06:49:46.661937'),('tyyn7gl5tyzavodt1fxxa3bzw5ljqao5','NDU2YzdhNDdmMTY3NDBkMDBkNzgxMWZmYzg2NDhiZDIxODRiMmQ3Njp7InNlbGVjdGVkX3dlZWsiOjN9','2020-06-25 21:12:55.308341'),('u0d213zmrcex0e10wgk8y01llroamqkb','NDU2YzdhNDdmMTY3NDBkMDBkNzgxMWZmYzg2NDhiZDIxODRiMmQ3Njp7InNlbGVjdGVkX3dlZWsiOjN9','2020-07-08 07:48:59.151000'),('u10hml2p7a1zqodc7tnh0w5nt8tctqae','NDU2YzdhNDdmMTY3NDBkMDBkNzgxMWZmYzg2NDhiZDIxODRiMmQ3Njp7InNlbGVjdGVkX3dlZWsiOjN9','2020-08-19 12:55:07.163989'),('u3u59gb7q7qf9joa01h9ki4nznm8fh8q','NDU2YzdhNDdmMTY3NDBkMDBkNzgxMWZmYzg2NDhiZDIxODRiMmQ3Njp7InNlbGVjdGVkX3dlZWsiOjN9','2020-12-08 10:19:35.849302'),('u5i6qkmlhztag00ta32q7oub43vzggv3','ZTM0MjA4OWU5YTExNzM5NDJlYjBhNTUwYzA1MDliZWU4YTMyZTdkZTp7InNlbGVjdGVkX3dlZWsiOjAsImNhcnRfaWQiOjI4LCJpdGVtc190b3RhbCI6MTd9','2020-10-04 07:25:26.827711'),('u7102a641n8nlyxjir82wz67n68z5f3p','NDU2YzdhNDdmMTY3NDBkMDBkNzgxMWZmYzg2NDhiZDIxODRiMmQ3Njp7InNlbGVjdGVkX3dlZWsiOjN9','2020-09-21 12:22:52.690374'),('u7xjf6c8ax24dqueiu2buqbjcir5mzk9','NDU2YzdhNDdmMTY3NDBkMDBkNzgxMWZmYzg2NDhiZDIxODRiMmQ3Njp7InNlbGVjdGVkX3dlZWsiOjN9','2020-11-08 06:32:09.509253'),('u853i5cgnr45ko24hp76jtesvr9idz0x','NDU2YzdhNDdmMTY3NDBkMDBkNzgxMWZmYzg2NDhiZDIxODRiMmQ3Njp7InNlbGVjdGVkX3dlZWsiOjN9','2020-10-25 03:23:48.660790'),('uab9gd307l3ioocveye3q1ux9cluy515','NDU2YzdhNDdmMTY3NDBkMDBkNzgxMWZmYzg2NDhiZDIxODRiMmQ3Njp7InNlbGVjdGVkX3dlZWsiOjN9','2020-09-22 15:31:40.033452'),('ubtxyxez89gxon9zc3gmcj8hj5ca16q1','NDU2YzdhNDdmMTY3NDBkMDBkNzgxMWZmYzg2NDhiZDIxODRiMmQ3Njp7InNlbGVjdGVkX3dlZWsiOjN9','2020-08-22 04:15:56.333644'),('udcff1vklo2ou7ph62uxv9fotgr6mcj9','NDU2YzdhNDdmMTY3NDBkMDBkNzgxMWZmYzg2NDhiZDIxODRiMmQ3Njp7InNlbGVjdGVkX3dlZWsiOjN9','2020-06-26 18:28:20.885566'),('uiofh2kj4b25hac9c2l5gojj753yehsr','NDU2YzdhNDdmMTY3NDBkMDBkNzgxMWZmYzg2NDhiZDIxODRiMmQ3Njp7InNlbGVjdGVkX3dlZWsiOjN9','2020-07-24 08:06:36.668656'),('ulfi56wf5iqhhbngp69eryl899zl6oe6','YzMyYzk0MWJlNzRmNzhjZDg3ZTAwNzE0NzQyMjc4YTY1MDM5YTk2Nzp7InNlbGVjdGVkX3dlZWsiOjIsImNhcnRfaWQiOjEyLCJpdGVtc190b3RhbCI6MH0=','2020-06-03 00:18:13.704574'),('ulooz59w5ca9hveq9fhejq4voqg32e7o','NDU2YzdhNDdmMTY3NDBkMDBkNzgxMWZmYzg2NDhiZDIxODRiMmQ3Njp7InNlbGVjdGVkX3dlZWsiOjN9','2020-09-27 20:23:53.471687'),('ummnatf9cpbkbp6tnpge11juyvavvkn2','ZDc3NmNhZTUwZmY5ZTQ5MzQ4OWExMjYzNzlkZDhhZjcyMDhmMjk5Nzp7InNlbGVjdGVkX3dlZWsiOjYsImNhcnRfaWQiOjM3LCJpdGVtc190b3RhbCI6MH0=','2020-10-26 16:19:29.698586'),('un9zl0u918oinwtuj2ppm01a9me47ck6','NDU2YzdhNDdmMTY3NDBkMDBkNzgxMWZmYzg2NDhiZDIxODRiMmQ3Njp7InNlbGVjdGVkX3dlZWsiOjN9','2020-12-08 10:28:17.031272'),('unhxnkzo1e170y532yl83ej41zkpfmw0','NDU2YzdhNDdmMTY3NDBkMDBkNzgxMWZmYzg2NDhiZDIxODRiMmQ3Njp7InNlbGVjdGVkX3dlZWsiOjN9','2020-10-23 09:38:45.777563'),('upo3e0r2id3vj2ivtnpm629nml990m5i','NjM5NTllOWRiY2I5ZTI3OTJiZDcxNjdmMDg3Y2NkNTM5OWQ4ZmU3Mjp7InNlbGVjdGVkX3dlZWsiOjMsImNhcnRfaWQiOjI4LCJpdGVtc190b3RhbCI6MTd9','2020-09-10 12:12:45.852649'),('uqcjhad24xxq63v1yabbb5ib2ve0idx8','NDU2YzdhNDdmMTY3NDBkMDBkNzgxMWZmYzg2NDhiZDIxODRiMmQ3Njp7InNlbGVjdGVkX3dlZWsiOjN9','2020-10-15 12:55:23.049055'),('uxtomvpbsjxbjfngspb1c5n3rc8uc591','NDU2YzdhNDdmMTY3NDBkMDBkNzgxMWZmYzg2NDhiZDIxODRiMmQ3Njp7InNlbGVjdGVkX3dlZWsiOjN9','2020-07-20 04:57:23.186183'),('uztcngcn2gd3fmft25paegqr50il3p6c','NDU2YzdhNDdmMTY3NDBkMDBkNzgxMWZmYzg2NDhiZDIxODRiMmQ3Njp7InNlbGVjdGVkX3dlZWsiOjN9','2020-09-07 14:40:22.865376'),('v097qx1mqd0q9r8zr4sw45eeuaz8xy1q','NDU2YzdhNDdmMTY3NDBkMDBkNzgxMWZmYzg2NDhiZDIxODRiMmQ3Njp7InNlbGVjdGVkX3dlZWsiOjN9','2020-09-11 16:41:30.620334'),('v0lnjztsfefgd6qy6rueiexu0np4c3i7','NDU2YzdhNDdmMTY3NDBkMDBkNzgxMWZmYzg2NDhiZDIxODRiMmQ3Njp7InNlbGVjdGVkX3dlZWsiOjN9','2020-05-30 20:25:23.504623'),('v14bz8u03skdjxg9u0h6463y49fnppdz','NDU2YzdhNDdmMTY3NDBkMDBkNzgxMWZmYzg2NDhiZDIxODRiMmQ3Njp7InNlbGVjdGVkX3dlZWsiOjN9','2020-06-12 21:42:35.582979'),('v1ks50pqtaxmrjyu9erbri13s6p4c4af','NDU2YzdhNDdmMTY3NDBkMDBkNzgxMWZmYzg2NDhiZDIxODRiMmQ3Njp7InNlbGVjdGVkX3dlZWsiOjN9','2020-08-10 11:18:26.785912'),('v215gdexgwjthcbqapa5xsg13kd9bcv2','NDU2YzdhNDdmMTY3NDBkMDBkNzgxMWZmYzg2NDhiZDIxODRiMmQ3Njp7InNlbGVjdGVkX3dlZWsiOjN9','2020-08-01 16:02:29.147805'),('v4tlwrx6s0k6awij2m3gonsnk28hz6to','NDU2YzdhNDdmMTY3NDBkMDBkNzgxMWZmYzg2NDhiZDIxODRiMmQ3Njp7InNlbGVjdGVkX3dlZWsiOjN9','2020-10-12 16:37:38.080473'),('v8oz0a0om29l63l7zdknpc9a8i93nlqa','YjlkYzdkZGQ1NjcyMzEzZjYwNmNiZmZjNWY1ZjU5NDU5N2MwZDBkMDp7InNlbGVjdGVkX3dlZWsiOjAsImNhcnRfaWQiOjM1LCJpdGVtc190b3RhbCI6MjR9','2020-11-20 13:56:25.232758'),('v9p30bae32znuw671drdktikew4zlgyh','NDU2YzdhNDdmMTY3NDBkMDBkNzgxMWZmYzg2NDhiZDIxODRiMmQ3Njp7InNlbGVjdGVkX3dlZWsiOjN9','2020-11-26 05:04:38.721607'),('vafmy8fctqw56ygric6763gn61rlm502','NDU2YzdhNDdmMTY3NDBkMDBkNzgxMWZmYzg2NDhiZDIxODRiMmQ3Njp7InNlbGVjdGVkX3dlZWsiOjN9','2020-07-21 20:48:16.329067'),('vah1xfiiubziv2jnpo1sv0qyodzkgrul','NDU2YzdhNDdmMTY3NDBkMDBkNzgxMWZmYzg2NDhiZDIxODRiMmQ3Njp7InNlbGVjdGVkX3dlZWsiOjN9','2020-11-26 02:14:07.458036'),('vbwlniuzo3vkuknyqc92k02w39vnod3z','NDU2YzdhNDdmMTY3NDBkMDBkNzgxMWZmYzg2NDhiZDIxODRiMmQ3Njp7InNlbGVjdGVkX3dlZWsiOjN9','2020-09-26 13:30:16.732278'),('vf8i4h9d6ood2jspkvqg295g2xwa1wfg','NDU2YzdhNDdmMTY3NDBkMDBkNzgxMWZmYzg2NDhiZDIxODRiMmQ3Njp7InNlbGVjdGVkX3dlZWsiOjN9','2020-12-08 01:35:39.051238'),('vgn2agpuli43aaem7n33b914pck6xgkw','NDU2YzdhNDdmMTY3NDBkMDBkNzgxMWZmYzg2NDhiZDIxODRiMmQ3Njp7InNlbGVjdGVkX3dlZWsiOjN9','2020-10-08 11:17:20.699149'),('vhpqcy8ap26ao4nartlk6azj8txyspu2','NDU2YzdhNDdmMTY3NDBkMDBkNzgxMWZmYzg2NDhiZDIxODRiMmQ3Njp7InNlbGVjdGVkX3dlZWsiOjN9','2020-08-07 09:25:51.626442'),('vighlfck4cme6ol9npb728e8u2a746rk','NDU2YzdhNDdmMTY3NDBkMDBkNzgxMWZmYzg2NDhiZDIxODRiMmQ3Njp7InNlbGVjdGVkX3dlZWsiOjN9','2020-11-14 06:59:07.208616'),('virqv3m1yrsucqhdbkkyyp82yh21l2uk','ZDQ4MDJlYjk2YzY5MTAwODBhMWY5ZGEwMTc0NWExMGM4MzYxOWRkYTp7InNlbGVjdGVkX3dlZWsiOjMsImNhcnRfaWQiOjE4LCJpdGVtc190b3RhbCI6MH0=','2020-07-01 03:53:16.911569'),('vk8xaz1ol25ubl0wdlhgvp3ni9ambrfi','NDU2YzdhNDdmMTY3NDBkMDBkNzgxMWZmYzg2NDhiZDIxODRiMmQ3Njp7InNlbGVjdGVkX3dlZWsiOjN9','2020-07-21 21:59:36.592554'),('vmav8fztlrnw2w7v7pudi08nl77kv5bu','NDU2YzdhNDdmMTY3NDBkMDBkNzgxMWZmYzg2NDhiZDIxODRiMmQ3Njp7InNlbGVjdGVkX3dlZWsiOjN9','2020-11-17 11:55:55.373289'),('vnd0hxzt00w4u7sby5i1gg3auo4ny5al','ZDc3NmNhZTUwZmY5ZTQ5MzQ4OWExMjYzNzlkZDhhZjcyMDhmMjk5Nzp7InNlbGVjdGVkX3dlZWsiOjYsImNhcnRfaWQiOjM3LCJpdGVtc190b3RhbCI6MH0=','2020-10-30 13:29:46.669952'),('vp61yxn35ew9p1tx4kst95gpi8ie633c','NDU2YzdhNDdmMTY3NDBkMDBkNzgxMWZmYzg2NDhiZDIxODRiMmQ3Njp7InNlbGVjdGVkX3dlZWsiOjN9','2020-11-14 16:36:26.217350'),('vr3g0qt4k1d7o4iu0kfahba38ru1tlpm','ZTgyYjlmZWUyMzFiYjBiMzM1ZGY1ZWQ5YjI0Yjk4ZDgyZDhiYTNkNTp7InNlbGVjdGVkX3dlZWsiOjEsImNhcnRfaWQiOjEwLCJpdGVtc190b3RhbCI6MjJ9','2020-06-03 00:20:45.928982'),('vr83jagum7v6afuwfqlvfj8g2ta9ma2l','NDU2YzdhNDdmMTY3NDBkMDBkNzgxMWZmYzg2NDhiZDIxODRiMmQ3Njp7InNlbGVjdGVkX3dlZWsiOjN9','2020-09-06 23:34:34.448667'),('vrpj9mupdupzgmztgpcoij6fs8evvugx','NDU2YzdhNDdmMTY3NDBkMDBkNzgxMWZmYzg2NDhiZDIxODRiMmQ3Njp7InNlbGVjdGVkX3dlZWsiOjN9','2020-06-20 17:51:12.288597'),('vryb55v6oc0gb5l2fjfdyqwpe0kvf3vr','NDU2YzdhNDdmMTY3NDBkMDBkNzgxMWZmYzg2NDhiZDIxODRiMmQ3Njp7InNlbGVjdGVkX3dlZWsiOjN9','2020-08-21 14:49:55.768170'),('vsd8su14w4ltgvm89shcr35nhwir0fgy','NDU2YzdhNDdmMTY3NDBkMDBkNzgxMWZmYzg2NDhiZDIxODRiMmQ3Njp7InNlbGVjdGVkX3dlZWsiOjN9','2020-10-12 16:47:27.740401'),('vumdk8lgn70vgb1dmf9m7ibh7ovat84z','NDU2YzdhNDdmMTY3NDBkMDBkNzgxMWZmYzg2NDhiZDIxODRiMmQ3Njp7InNlbGVjdGVkX3dlZWsiOjN9','2020-10-17 16:58:05.050423'),('vvutln6pg6xk5mqtzogmepnsw7h6yllq','NDU2YzdhNDdmMTY3NDBkMDBkNzgxMWZmYzg2NDhiZDIxODRiMmQ3Njp7InNlbGVjdGVkX3dlZWsiOjN9','2020-10-12 23:14:44.195241'),('vxe0ivk8fev99cnpzbn7kav20zexfz8a','NDU2YzdhNDdmMTY3NDBkMDBkNzgxMWZmYzg2NDhiZDIxODRiMmQ3Njp7InNlbGVjdGVkX3dlZWsiOjN9','2020-12-08 05:36:41.357706'),('w1br43lk7q44elehxobg1s6dnrv8sc6r','NDU2YzdhNDdmMTY3NDBkMDBkNzgxMWZmYzg2NDhiZDIxODRiMmQ3Njp7InNlbGVjdGVkX3dlZWsiOjN9','2020-09-09 21:08:10.537211'),('w1c6jhkg8bgqo1kqku1z82kdqnh9m8ua','NDU2YzdhNDdmMTY3NDBkMDBkNzgxMWZmYzg2NDhiZDIxODRiMmQ3Njp7InNlbGVjdGVkX3dlZWsiOjN9','2020-06-26 16:28:36.335848'),('w2aywyy6edgxh6w3szbt55pl3g7l96xi','MjEwMjBmYzY1M2Q0MjNmYzgxYzE0MjM3MzVhY2JmNjY3YzYzMWIxZDp7InNlbGVjdGVkX3dlZWsiOjYsImNhcnRfaWQiOjM0LCJpdGVtc190b3RhbCI6MH0=','2020-09-29 11:31:21.113090'),('w4df75bykapn7l8t9y2gs8flsh2mfa4b','NDU2YzdhNDdmMTY3NDBkMDBkNzgxMWZmYzg2NDhiZDIxODRiMmQ3Njp7InNlbGVjdGVkX3dlZWsiOjN9','2020-09-16 01:45:59.825920'),('w4p3yhvb9qrdgggd866t07e9w3axnwrp','ODQ4Y2I4ZGIwYTA2ZTI4NThkOTA0NTgyNmFlN2IyNzRiN2ZjYjdlMDp7InNlbGVjdGVkX3dlZWsiOjQsImNhcnRfaWQiOjM0LCJpdGVtc190b3RhbCI6MH0=','2020-10-15 18:41:49.370376'),('w4znqpr3ijshai7ybtpzmbi4ib6s99ru','NDU2YzdhNDdmMTY3NDBkMDBkNzgxMWZmYzg2NDhiZDIxODRiMmQ3Njp7InNlbGVjdGVkX3dlZWsiOjN9','2020-10-02 19:19:25.556691'),('w5ah57ygtha824eeauprzj91rbtgjd5x','NDU2YzdhNDdmMTY3NDBkMDBkNzgxMWZmYzg2NDhiZDIxODRiMmQ3Njp7InNlbGVjdGVkX3dlZWsiOjN9','2020-11-17 18:17:33.544093'),('w5fxjl530lslplv6k134bjvb1nq8zpll','NDU2YzdhNDdmMTY3NDBkMDBkNzgxMWZmYzg2NDhiZDIxODRiMmQ3Njp7InNlbGVjdGVkX3dlZWsiOjN9','2020-08-01 07:12:02.509223'),('w6e9irdyw7mymkn43fj0q4et3cxszl3z','NDU2YzdhNDdmMTY3NDBkMDBkNzgxMWZmYzg2NDhiZDIxODRiMmQ3Njp7InNlbGVjdGVkX3dlZWsiOjN9','2020-10-01 07:17:52.220872'),('w9rdmzunf91uni2rspq6vffz47bwz3m1','NDU2YzdhNDdmMTY3NDBkMDBkNzgxMWZmYzg2NDhiZDIxODRiMmQ3Njp7InNlbGVjdGVkX3dlZWsiOjN9','2020-08-14 11:45:29.743654'),('w9v0c1ilka2egoiccz4yyf2c6ah9w2ca','NDU2YzdhNDdmMTY3NDBkMDBkNzgxMWZmYzg2NDhiZDIxODRiMmQ3Njp7InNlbGVjdGVkX3dlZWsiOjN9','2020-05-30 17:20:26.534315'),('wbf8x3d7y9yre3ap4h3vqbi69yjhywqx','NDU2YzdhNDdmMTY3NDBkMDBkNzgxMWZmYzg2NDhiZDIxODRiMmQ3Njp7InNlbGVjdGVkX3dlZWsiOjN9','2020-08-01 15:58:38.067586'),('wcavjxabujacjawnff9aw9uft0z164uk','NDU2YzdhNDdmMTY3NDBkMDBkNzgxMWZmYzg2NDhiZDIxODRiMmQ3Njp7InNlbGVjdGVkX3dlZWsiOjN9','2020-11-28 18:37:17.669255'),('wdb1wwm625jlbz9xi2bw5caat7ry2wz8','NDU2YzdhNDdmMTY3NDBkMDBkNzgxMWZmYzg2NDhiZDIxODRiMmQ3Njp7InNlbGVjdGVkX3dlZWsiOjN9','2020-07-05 12:18:50.372088'),('wddg08wwbic4nto3uj7obirido3uv61b','NDU2YzdhNDdmMTY3NDBkMDBkNzgxMWZmYzg2NDhiZDIxODRiMmQ3Njp7InNlbGVjdGVkX3dlZWsiOjN9','2020-09-12 00:30:59.997642'),('whzsxjwrclbegrss81nx4c64crkxq3d1','NDU2YzdhNDdmMTY3NDBkMDBkNzgxMWZmYzg2NDhiZDIxODRiMmQ3Njp7InNlbGVjdGVkX3dlZWsiOjN9','2020-09-01 16:17:46.196581'),('wj2r1fl8oozcksrdw1chqm8t26jpfpsy','NDU2YzdhNDdmMTY3NDBkMDBkNzgxMWZmYzg2NDhiZDIxODRiMmQ3Njp7InNlbGVjdGVkX3dlZWsiOjN9','2020-10-10 03:27:11.056376'),('wkymhhrgr8rus5d5ub1utxvb8fjeggeb','NDU2YzdhNDdmMTY3NDBkMDBkNzgxMWZmYzg2NDhiZDIxODRiMmQ3Njp7InNlbGVjdGVkX3dlZWsiOjN9','2020-08-20 00:48:36.967195'),('wm9j8n9zrj3zg9h3vyub1z71go85y68q','NDU2YzdhNDdmMTY3NDBkMDBkNzgxMWZmYzg2NDhiZDIxODRiMmQ3Njp7InNlbGVjdGVkX3dlZWsiOjN9','2020-06-22 04:22:10.337168'),('wnhfo9ltfzguc1ghulsl6e3owli9m3sk','NDU2YzdhNDdmMTY3NDBkMDBkNzgxMWZmYzg2NDhiZDIxODRiMmQ3Njp7InNlbGVjdGVkX3dlZWsiOjN9','2020-06-04 15:19:23.464300'),('wsprm7r97z8ck09nz4qdu9t5c6zukggs','NDU2YzdhNDdmMTY3NDBkMDBkNzgxMWZmYzg2NDhiZDIxODRiMmQ3Njp7InNlbGVjdGVkX3dlZWsiOjN9','2020-11-07 10:48:17.626348'),('wth37d0xo5j4walmj01s85014eec1hjv','NDU2YzdhNDdmMTY3NDBkMDBkNzgxMWZmYzg2NDhiZDIxODRiMmQ3Njp7InNlbGVjdGVkX3dlZWsiOjN9','2020-09-27 20:21:10.206244'),('wtqicoult7ats3nx6rrweql2j5nw3guz','NDU2YzdhNDdmMTY3NDBkMDBkNzgxMWZmYzg2NDhiZDIxODRiMmQ3Njp7InNlbGVjdGVkX3dlZWsiOjN9','2020-10-31 07:49:38.522019'),('wutkvkzybw9wpizfbu82io6opeb991mc','N2E2NzI2M2VkNTAxNTZjNDA3NjM1YTY4NzE3MzM4Mzc0Y2VlMjAyZDp7InNlbGVjdGVkX3dlZWsiOjEsImNhcnRfaWQiOjMyLCJpdGVtc190b3RhbCI6Mjh9','2020-10-23 18:36:07.234862'),('wvkqcdcjz3rbkjk9uip1tuwnqyc8y883','NDU2YzdhNDdmMTY3NDBkMDBkNzgxMWZmYzg2NDhiZDIxODRiMmQ3Njp7InNlbGVjdGVkX3dlZWsiOjN9','2020-09-18 01:01:20.631448'),('wxdk0yb6n7orn79r3eym29vpf191abdn','NzI1MjMxNzgxYTllYmU4ZjFhNTg1MjI4OTAwYjkyNzBkNDk4NmMyZTp7InNlbGVjdGVkX3dlZWsiOjYsImNhcnRfaWQiOjIwLCJpdGVtc190b3RhbCI6MH0=','2020-07-01 03:53:16.457303'),('wxjd4logqssg8huk5yydsh9ux7ptd04l','NDU2YzdhNDdmMTY3NDBkMDBkNzgxMWZmYzg2NDhiZDIxODRiMmQ3Njp7InNlbGVjdGVkX3dlZWsiOjN9','2020-09-30 20:21:21.325320'),('wxuvf2s6ajs0kkr6rs6i1x2hk3bif2ke','NDU2YzdhNDdmMTY3NDBkMDBkNzgxMWZmYzg2NDhiZDIxODRiMmQ3Njp7InNlbGVjdGVkX3dlZWsiOjN9','2020-09-27 20:21:35.242888'),('wxwqtnv0lrz1wccaw1q3rntvlgprzlhm','NDU2YzdhNDdmMTY3NDBkMDBkNzgxMWZmYzg2NDhiZDIxODRiMmQ3Njp7InNlbGVjdGVkX3dlZWsiOjN9','2020-12-08 02:32:10.066798'),('x0dm3k9q8be43sxdq3ad99kqfiamfb8x','NDU2YzdhNDdmMTY3NDBkMDBkNzgxMWZmYzg2NDhiZDIxODRiMmQ3Njp7InNlbGVjdGVkX3dlZWsiOjN9','2020-09-27 10:28:08.136576'),('x0m2ye8qur7xvnjp8o4pl573rzw5ho71','NDU2YzdhNDdmMTY3NDBkMDBkNzgxMWZmYzg2NDhiZDIxODRiMmQ3Njp7InNlbGVjdGVkX3dlZWsiOjN9','2020-07-05 12:19:25.177080'),('x0pogklr0accxlhb33h946m6o1j0pui0','NDU2YzdhNDdmMTY3NDBkMDBkNzgxMWZmYzg2NDhiZDIxODRiMmQ3Njp7InNlbGVjdGVkX3dlZWsiOjN9','2020-09-14 16:31:35.791520'),('x3ozjn7otbm385b7eb7desa5rovijw2n','NDU2YzdhNDdmMTY3NDBkMDBkNzgxMWZmYzg2NDhiZDIxODRiMmQ3Njp7InNlbGVjdGVkX3dlZWsiOjN9','2020-09-20 04:12:01.374982'),('x8mcbrczytfax4cipau3p3uedrnzdo03','NDU2YzdhNDdmMTY3NDBkMDBkNzgxMWZmYzg2NDhiZDIxODRiMmQ3Njp7InNlbGVjdGVkX3dlZWsiOjN9','2020-11-20 03:41:31.582793'),('xbobunuszhqedq60febsw5d0j2oh9rg5','NDU2YzdhNDdmMTY3NDBkMDBkNzgxMWZmYzg2NDhiZDIxODRiMmQ3Njp7InNlbGVjdGVkX3dlZWsiOjN9','2020-11-21 13:34:52.293117'),('xe3xsdvacuy5213jl2koa0zjvdlzjlij','NDU2YzdhNDdmMTY3NDBkMDBkNzgxMWZmYzg2NDhiZDIxODRiMmQ3Njp7InNlbGVjdGVkX3dlZWsiOjN9','2020-11-21 11:54:27.158833'),('xejvmnu781tj28zda4wo5293x1a5rtbr','NDU2YzdhNDdmMTY3NDBkMDBkNzgxMWZmYzg2NDhiZDIxODRiMmQ3Njp7InNlbGVjdGVkX3dlZWsiOjN9','2020-10-04 19:20:47.023542'),('xg19sru8d651rlc342u7ebvyxds85jfj','MDU5OTA4ZDlkMzU0N2IzNjVkMTZjOThkNDBjOWM4NDNhNzEzNTc1ZDp7InNlbGVjdGVkX3dlZWsiOjMsImNhcnRfaWQiOjEzLCJpdGVtc190b3RhbCI6Mjd9','2020-06-03 00:26:49.031377'),('xhhjr8wnoz04n9mbxqiamgzc5ej158ra','NDU2YzdhNDdmMTY3NDBkMDBkNzgxMWZmYzg2NDhiZDIxODRiMmQ3Njp7InNlbGVjdGVkX3dlZWsiOjN9','2020-07-04 20:17:00.385781'),('xiw4ght68h21ynk18nx8fi60fxnamhts','NDU2YzdhNDdmMTY3NDBkMDBkNzgxMWZmYzg2NDhiZDIxODRiMmQ3Njp7InNlbGVjdGVkX3dlZWsiOjN9','2020-09-27 20:22:27.077642'),('xjt6wi43grxds34e4v1oq3qs9c3bd591','YTQxZjRlYWU0MGQwMTdjMjNkZTE2ZjA2Y2I5ZGZjNWY3ZjU5NTE2MDp7InNlbGVjdGVkX3dlZWsiOjUsImNhcnRfaWQiOjQyLCJpdGVtc190b3RhbCI6MH0=','2020-12-05 06:42:24.325761'),('xlua9br18rk1t07rn9log2i496kzcbc3','NDU2YzdhNDdmMTY3NDBkMDBkNzgxMWZmYzg2NDhiZDIxODRiMmQ3Njp7InNlbGVjdGVkX3dlZWsiOjN9','2020-07-24 05:27:03.212430'),('xmhtitzh7q6rpvyesadnut2u0qpw57mb','NDU2YzdhNDdmMTY3NDBkMDBkNzgxMWZmYzg2NDhiZDIxODRiMmQ3Njp7InNlbGVjdGVkX3dlZWsiOjN9','2020-12-01 04:33:30.642797'),('xn9fd8ujfa0kxvo8bx7i1lihz0aci2ts','NDU2YzdhNDdmMTY3NDBkMDBkNzgxMWZmYzg2NDhiZDIxODRiMmQ3Njp7InNlbGVjdGVkX3dlZWsiOjN9','2020-09-28 12:48:46.758816'),('xnykhmogozhe40h5edjfs4xoygqgqflw','NDU2YzdhNDdmMTY3NDBkMDBkNzgxMWZmYzg2NDhiZDIxODRiMmQ3Njp7InNlbGVjdGVkX3dlZWsiOjN9','2020-10-22 09:17:43.856332'),('xpmqdwlu64gkpzwhy4mhg0u0fizyl1jm','NDU2YzdhNDdmMTY3NDBkMDBkNzgxMWZmYzg2NDhiZDIxODRiMmQ3Njp7InNlbGVjdGVkX3dlZWsiOjN9','2020-07-22 00:29:35.568395'),('xrrb12fro8hz8fcip3qh11xfrli5putr','NDU2YzdhNDdmMTY3NDBkMDBkNzgxMWZmYzg2NDhiZDIxODRiMmQ3Njp7InNlbGVjdGVkX3dlZWsiOjN9','2020-10-24 10:15:33.488197'),('xs1krc6dm85p4erl8h29d7cjgp5pp84z','N2ExMzg2ZDNjNWJlYmRlYTc3MTA5YjIyYzhjNmRiYzNiNjI0MjJiODp7InNlbGVjdGVkX3dlZWsiOjIsImNhcnRfaWQiOjI5LCJpdGVtc190b3RhbCI6MzF9','2020-09-25 07:01:02.896993'),('xsg2in8nmekpf0tca0z0eexvco5jvl8l','NDU2YzdhNDdmMTY3NDBkMDBkNzgxMWZmYzg2NDhiZDIxODRiMmQ3Njp7InNlbGVjdGVkX3dlZWsiOjN9','2020-12-01 11:34:52.271281'),('xsrgpn6xkirper1vbx4f8jiiokkqt89x','NDU2YzdhNDdmMTY3NDBkMDBkNzgxMWZmYzg2NDhiZDIxODRiMmQ3Njp7InNlbGVjdGVkX3dlZWsiOjN9','2020-11-14 20:02:44.720549'),('xssn893xn2c44u3adb3sdjtwh5q91rtw','NDU2YzdhNDdmMTY3NDBkMDBkNzgxMWZmYzg2NDhiZDIxODRiMmQ3Njp7InNlbGVjdGVkX3dlZWsiOjN9','2020-12-06 11:33:20.890943'),('xu3syr37u9pu5dkea4xizho06rxo5oth','NDU2YzdhNDdmMTY3NDBkMDBkNzgxMWZmYzg2NDhiZDIxODRiMmQ3Njp7InNlbGVjdGVkX3dlZWsiOjN9','2020-05-16 21:54:20.098818'),('xudgr5wyc6enan8zhsx2fxsle0y5lpl7','NDU2YzdhNDdmMTY3NDBkMDBkNzgxMWZmYzg2NDhiZDIxODRiMmQ3Njp7InNlbGVjdGVkX3dlZWsiOjN9','2020-11-29 12:11:15.646265'),('xutz8dp77uevb183fz92vkadc6vr6u3e','NDU2YzdhNDdmMTY3NDBkMDBkNzgxMWZmYzg2NDhiZDIxODRiMmQ3Njp7InNlbGVjdGVkX3dlZWsiOjN9','2020-08-26 17:24:55.007157'),('xvauqqa15pn92b8mzy9dyp6jnsjuad0r','NDU2YzdhNDdmMTY3NDBkMDBkNzgxMWZmYzg2NDhiZDIxODRiMmQ3Njp7InNlbGVjdGVkX3dlZWsiOjN9','2020-06-21 18:39:11.355169'),('xvnatr0z7kse2tza0s26pmfyueomn4oi','NDU2YzdhNDdmMTY3NDBkMDBkNzgxMWZmYzg2NDhiZDIxODRiMmQ3Njp7InNlbGVjdGVkX3dlZWsiOjN9','2020-06-04 01:21:02.159182'),('xxwhbw819ynkr0333btexhj4qelky94c','NDU2YzdhNDdmMTY3NDBkMDBkNzgxMWZmYzg2NDhiZDIxODRiMmQ3Njp7InNlbGVjdGVkX3dlZWsiOjN9','2020-07-28 04:02:49.887110'),('y0j2wv8q1sei3j1dfeojh60hzhkdufhw','NDU2YzdhNDdmMTY3NDBkMDBkNzgxMWZmYzg2NDhiZDIxODRiMmQ3Njp7InNlbGVjdGVkX3dlZWsiOjN9','2020-11-05 10:55:47.670566'),('y2eyxlzt7r7222jlrleocorkne1swkj7','ZDg0Y2FjNzcxYjMwYjQ1MjAwYzkxNmJlNzkwZGUxYTgwOTgzMWRkYjp7Il9hdXRoX3VzZXJfaWQiOiIxIiwiX2F1dGhfdXNlcl9iYWNrZW5kIjoiZGphbmdvLmNvbnRyaWIuYXV0aC5iYWNrZW5kcy5Nb2RlbEJhY2tlbmQiLCJfYXV0aF91c2VyX2hhc2giOiJiN2FhZTdkMmI2MDNhMjFlYzU3NWJiZjUwYzRhZDIyOGYzYTQ5MDMxIiwiY2FydF9pZCI6NCwiaXRlbXNfdG90YWwiOjZ9','2020-04-18 23:08:30.049602'),('y2rv8tsiddkt6xgz2jd0dj6zhduthi97','N2I5MTBjZGRiY2VhMjE5Nzg3ZTAzMjVjMGZkYzg5ZjRlZDY0Njk0Nzp7Il9hdXRoX3VzZXJfaWQiOiIxIiwiX2F1dGhfdXNlcl9iYWNrZW5kIjoiZGphbmdvLmNvbnRyaWIuYXV0aC5iYWNrZW5kcy5Nb2RlbEJhY2tlbmQiLCJfYXV0aF91c2VyX2hhc2giOiJiN2FhZTdkMmI2MDNhMjFlYzU3NWJiZjUwYzRhZDIyOGYzYTQ5MDMxIiwiY2FydF9pZCI6MzMsIml0ZW1zX3RvdGFsIjoxNH0=','2019-10-07 03:03:01.060000'),('y2venot9cg9yrg5xa55xpoux5m0pszbu','YmVkNjk4ZjQzYmE0YTBlMzZiNmI4NjU5ZmQzMjczOGM4MWJmMjIzNjp7InNlbGVjdGVkX3dlZWsiOjYsImNhcnRfaWQiOjM1LCJpdGVtc190b3RhbCI6MH0=','2020-10-11 19:18:49.270966'),('y3nuydmaoa54t5t5ii7hn04o5nx4cb3m','NDU2YzdhNDdmMTY3NDBkMDBkNzgxMWZmYzg2NDhiZDIxODRiMmQ3Njp7InNlbGVjdGVkX3dlZWsiOjN9','2020-07-30 02:44:37.961969'),('y506v0exf3meyqsekkycgfjcur9tkngz','NDU2YzdhNDdmMTY3NDBkMDBkNzgxMWZmYzg2NDhiZDIxODRiMmQ3Njp7InNlbGVjdGVkX3dlZWsiOjN9','2020-09-01 20:32:38.445518'),('y6x03tkv1pruibozy7l13e8zctoj2oa5','NDU2YzdhNDdmMTY3NDBkMDBkNzgxMWZmYzg2NDhiZDIxODRiMmQ3Njp7InNlbGVjdGVkX3dlZWsiOjN9','2020-09-24 15:48:05.056081'),('y6ztc1gzheoq7ftwui2wtw9it8mj8os5','NDU2YzdhNDdmMTY3NDBkMDBkNzgxMWZmYzg2NDhiZDIxODRiMmQ3Njp7InNlbGVjdGVkX3dlZWsiOjN9','2020-06-28 16:41:58.746616'),('ybyjnjc0s98asw6av477eac7ang3y9jc','NDU2YzdhNDdmMTY3NDBkMDBkNzgxMWZmYzg2NDhiZDIxODRiMmQ3Njp7InNlbGVjdGVkX3dlZWsiOjN9','2020-11-02 23:41:25.894128'),('yd1hif1nqp7c4uuld63z2f3e53uu7oo2','NDU2YzdhNDdmMTY3NDBkMDBkNzgxMWZmYzg2NDhiZDIxODRiMmQ3Njp7InNlbGVjdGVkX3dlZWsiOjN9','2020-08-01 16:20:37.299018'),('yexfa2pzda3l0a9itf8rqgsv9mys54m3','NDU2YzdhNDdmMTY3NDBkMDBkNzgxMWZmYzg2NDhiZDIxODRiMmQ3Njp7InNlbGVjdGVkX3dlZWsiOjN9','2020-08-01 10:56:20.912151'),('yfby6tnw8rkrgm0ys8zgus5fu5tqvfhf','NDU2YzdhNDdmMTY3NDBkMDBkNzgxMWZmYzg2NDhiZDIxODRiMmQ3Njp7InNlbGVjdGVkX3dlZWsiOjN9','2020-11-17 12:15:55.208262'),('yk2oacozlynzv2h021ywhd564ms6mkj9','NDU2YzdhNDdmMTY3NDBkMDBkNzgxMWZmYzg2NDhiZDIxODRiMmQ3Njp7InNlbGVjdGVkX3dlZWsiOjN9','2020-05-30 17:20:12.615352'),('ykf9maxbwm8ardimxkgwl78ei6ndddta','NDU2YzdhNDdmMTY3NDBkMDBkNzgxMWZmYzg2NDhiZDIxODRiMmQ3Njp7InNlbGVjdGVkX3dlZWsiOjN9','2020-07-31 09:39:01.165925'),('yl504u64y2kuubgyw51pdsg825tydiiq','MTdmYjk0OWZjNGJiNTg2MDExNzBlOTlhZDc1ZmQwNzA2OWI1MDYxNjp7InNlbGVjdGVkX3dlZWsiOjIsImNhcnRfaWQiOjM0LCJpdGVtc190b3RhbCI6MjB9','2020-10-31 12:26:30.856955'),('yscfn42i8jyztscr5xf69zrl2c23gi6f','NDU2YzdhNDdmMTY3NDBkMDBkNzgxMWZmYzg2NDhiZDIxODRiMmQ3Njp7InNlbGVjdGVkX3dlZWsiOjN9','2020-11-01 03:03:53.063261'),('ysid1aji4sifjo1nw0pe3ze75fjnvyhm','NDU2YzdhNDdmMTY3NDBkMDBkNzgxMWZmYzg2NDhiZDIxODRiMmQ3Njp7InNlbGVjdGVkX3dlZWsiOjN9','2020-07-07 14:35:18.269032'),('ysvdxerjigmgxhxjoq0fy2nl32zhd4kp','ODUwMmFlMzRjMGRjN2QxM2Y5ZjI4Njg5YWZiYWViYTliZjg3N2MxNzp7InNlbGVjdGVkX3dlZWsiOjYsImNhcnRfaWQiOjQ0LCJpdGVtc190b3RhbCI6MH0=','2020-12-08 13:10:24.280533'),('ywy5nf4i77l0xevnl7q3cp5iqglaoltr','NDU2YzdhNDdmMTY3NDBkMDBkNzgxMWZmYzg2NDhiZDIxODRiMmQ3Njp7InNlbGVjdGVkX3dlZWsiOjN9','2020-07-29 22:07:48.612626'),('yz2401vs5z45ac43hu6yy641shpm50ot','NDU2YzdhNDdmMTY3NDBkMDBkNzgxMWZmYzg2NDhiZDIxODRiMmQ3Njp7InNlbGVjdGVkX3dlZWsiOjN9','2020-10-26 20:59:58.740813'),('yzcq19j0enzugqc6ziic27ke1fnnpsvj','NDU2YzdhNDdmMTY3NDBkMDBkNzgxMWZmYzg2NDhiZDIxODRiMmQ3Njp7InNlbGVjdGVkX3dlZWsiOjN9','2020-09-28 08:30:27.396601'),('z1f1mfyaqigg7qyfhclm7xiza5ln4gdd','MWNhMjMzY2E0YTAzMmM0NjdlY2E1YjI0ZGUxZTQwMzM4YTExM2YyYzp7InNlbGVjdGVkX3dlZWsiOjMsImNhcnRfaWQiOjM3LCJpdGVtc190b3RhbCI6MH0=','2020-11-18 12:57:23.884594'),('z24ma42xip6qohfcs7rzko5ritjjr45s','NDU2YzdhNDdmMTY3NDBkMDBkNzgxMWZmYzg2NDhiZDIxODRiMmQ3Njp7InNlbGVjdGVkX3dlZWsiOjN9','2020-09-22 01:14:54.404184'),('z2lnv0v78j9hkg5ize9rc4x9kto9o24p','YTkzZDdhMWU0YTE0ZjYyY2I5NGMyZDFkNTU0NGFkZDdkODI0YmI0MTp7InNlbGVjdGVkX3dlZWsiOjMsImNhcnRfaWQiOjM1LCJpdGVtc190b3RhbCI6MjR9','2020-11-01 04:20:11.607820'),('z2lvz7ve0ssvkc6cjir1zird17bzism0','NDU2YzdhNDdmMTY3NDBkMDBkNzgxMWZmYzg2NDhiZDIxODRiMmQ3Njp7InNlbGVjdGVkX3dlZWsiOjN9','2020-07-09 01:07:48.604228'),('z5x7jjv6i2trlfs394f1fvzu2u7uus7k','NDU2YzdhNDdmMTY3NDBkMDBkNzgxMWZmYzg2NDhiZDIxODRiMmQ3Njp7InNlbGVjdGVkX3dlZWsiOjN9','2020-08-20 01:01:47.444974'),('z7nlgfl7lmijibes3z45dkqq7x2v83d9','NDU2YzdhNDdmMTY3NDBkMDBkNzgxMWZmYzg2NDhiZDIxODRiMmQ3Njp7InNlbGVjdGVkX3dlZWsiOjN9','2020-06-16 20:51:53.137717'),('z9j2se04010pb6ec389dr7mvtggrqx6m','NDU2YzdhNDdmMTY3NDBkMDBkNzgxMWZmYzg2NDhiZDIxODRiMmQ3Njp7InNlbGVjdGVkX3dlZWsiOjN9','2020-11-24 13:26:00.652838'),('z9l4c5cbny47kflf65gp76x3b9eggb90','NDU2YzdhNDdmMTY3NDBkMDBkNzgxMWZmYzg2NDhiZDIxODRiMmQ3Njp7InNlbGVjdGVkX3dlZWsiOjN9','2020-08-20 16:05:26.328106'),('z9tluh6pj6pv9pv2ltt31jn0p4fsdrmj','NDU2YzdhNDdmMTY3NDBkMDBkNzgxMWZmYzg2NDhiZDIxODRiMmQ3Njp7InNlbGVjdGVkX3dlZWsiOjN9','2020-05-31 11:21:11.380283'),('za4ifauhy6vz76g90orgv6bet24ca31w','NDU2YzdhNDdmMTY3NDBkMDBkNzgxMWZmYzg2NDhiZDIxODRiMmQ3Njp7InNlbGVjdGVkX3dlZWsiOjN9','2020-08-26 17:34:25.545367'),('zae9zf4znozywh5je5rldwhr9bf09kv4','NDU2YzdhNDdmMTY3NDBkMDBkNzgxMWZmYzg2NDhiZDIxODRiMmQ3Njp7InNlbGVjdGVkX3dlZWsiOjN9','2020-08-11 04:33:39.865699'),('zaupake2syibghg393wqlns8pvd62luv','ZDQzODk5ZjZkNjcyZmVkYjIxYjkxODA5OGQ0MmEyZjJkYWI3OWQzNTp7InNlbGVjdGVkX3dlZWsiOjAsImNhcnRfaWQiOjMzLCJpdGVtc190b3RhbCI6MjR9','2020-11-02 17:03:35.092166'),('zb3xloq5oofvc5fub34ivbh6ry62rof2','NDU2YzdhNDdmMTY3NDBkMDBkNzgxMWZmYzg2NDhiZDIxODRiMmQ3Njp7InNlbGVjdGVkX3dlZWsiOjN9','2020-08-02 19:15:18.503335'),('zebutx81iu08vm037ems8f6fv2z0qkpg','NDU2YzdhNDdmMTY3NDBkMDBkNzgxMWZmYzg2NDhiZDIxODRiMmQ3Njp7InNlbGVjdGVkX3dlZWsiOjN9','2020-07-05 12:19:34.017414'),('zgudzg1lozwhs4ul02wlr1haz16adbvh','NDU2YzdhNDdmMTY3NDBkMDBkNzgxMWZmYzg2NDhiZDIxODRiMmQ3Njp7InNlbGVjdGVkX3dlZWsiOjN9','2020-09-02 05:20:41.772480'),('zh2tsop920rhl36bstrzdcawt2e7jqe0','Nzk2YTk5MWIxMGQyYjVhOWU4NzRmZThiYTMwNDNiYzNkMzJmNzE4Nzp7InNlbGVjdGVkX3dlZWsiOjMsImNhcnRfaWQiOjIyLCJpdGVtc190b3RhbCI6MzJ9','2020-08-01 16:01:15.371022'),('zht1634wq41i554herddiiy71n1rin87','NDU2YzdhNDdmMTY3NDBkMDBkNzgxMWZmYzg2NDhiZDIxODRiMmQ3Njp7InNlbGVjdGVkX3dlZWsiOjN9','2020-09-06 15:55:44.281486'),('zieh13tuyx42xbmvfgz4rqddn1dgyy02','NDU2YzdhNDdmMTY3NDBkMDBkNzgxMWZmYzg2NDhiZDIxODRiMmQ3Njp7InNlbGVjdGVkX3dlZWsiOjN9','2020-07-06 17:05:14.379632'),('ziq3khlo4s8l2xyace8u945x02yycvfh','NDU2YzdhNDdmMTY3NDBkMDBkNzgxMWZmYzg2NDhiZDIxODRiMmQ3Njp7InNlbGVjdGVkX3dlZWsiOjN9','2020-12-01 22:51:03.100398'),('zmygkutrkp11i6uveozvs1kde1ggqm7y','NDU2YzdhNDdmMTY3NDBkMDBkNzgxMWZmYzg2NDhiZDIxODRiMmQ3Njp7InNlbGVjdGVkX3dlZWsiOjN9','2020-08-01 18:57:48.962080'),('zonkb7yl8fphc5j0b434pwdnwdycey0w','NDU2YzdhNDdmMTY3NDBkMDBkNzgxMWZmYzg2NDhiZDIxODRiMmQ3Njp7InNlbGVjdGVkX3dlZWsiOjN9','2020-11-24 22:26:17.860071'),('zow1pasjqn964t635rrrddfumejkei6n','NDU2YzdhNDdmMTY3NDBkMDBkNzgxMWZmYzg2NDhiZDIxODRiMmQ3Njp7InNlbGVjdGVkX3dlZWsiOjN9','2020-12-05 15:26:02.795950'),('zozpzjgxplex0rkuoderzs8ures7fyjb','NDU2YzdhNDdmMTY3NDBkMDBkNzgxMWZmYzg2NDhiZDIxODRiMmQ3Njp7InNlbGVjdGVkX3dlZWsiOjN9','2020-08-10 17:19:45.027039'),('zpj4ppqk4q8fcgw0rr1zdbw1li7lmt1s','NWFkNTZlMDczOTQ0M2FkODY5NTBlNWEwZDMzOWNhNjQyN2RkYmVjZTp7InNlbGVjdGVkX3dlZWsiOjYsImNhcnRfaWQiOjM5LCJpdGVtc190b3RhbCI6MH0=','2020-11-12 21:25:18.876631'),('zqpvmglr4bhm0ofe2x210nz62v9z4ygy','NDU2YzdhNDdmMTY3NDBkMDBkNzgxMWZmYzg2NDhiZDIxODRiMmQ3Njp7InNlbGVjdGVkX3dlZWsiOjN9','2020-10-16 19:09:55.519361'),('zr8e1vx872vdddhh9s4mhc5lngnc7m2d','NDU2YzdhNDdmMTY3NDBkMDBkNzgxMWZmYzg2NDhiZDIxODRiMmQ3Njp7InNlbGVjdGVkX3dlZWsiOjN9','2020-09-10 12:42:40.950916'),('zr9lkjffkajccxfxe6o4g2iqxksdayet','NDU2YzdhNDdmMTY3NDBkMDBkNzgxMWZmYzg2NDhiZDIxODRiMmQ3Njp7InNlbGVjdGVkX3dlZWsiOjN9','2020-09-27 20:21:10.204992'),('zto8ii3i5tg123e292ogsc2l93qlw272','Y2NlOGFjMzNjMjM4MWM3MzdjY2IyNTI5MzI0NGRiNGIwMjUyY2M0ODp7InNlbGVjdGVkX3dlZWsiOjAsImNhcnRfaWQiOjI1LCJpdGVtc190b3RhbCI6Mjh9','2020-09-09 03:58:03.638997'),('zvoknm3n6d81rsaunjg4tmngmf8t83br','NDU2YzdhNDdmMTY3NDBkMDBkNzgxMWZmYzg2NDhiZDIxODRiMmQ3Njp7InNlbGVjdGVkX3dlZWsiOjN9','2020-10-17 12:45:55.891914'),('zvypgx3srlhmeush6htjcg9o3sfyyqh3','NDU2YzdhNDdmMTY3NDBkMDBkNzgxMWZmYzg2NDhiZDIxODRiMmQ3Njp7InNlbGVjdGVkX3dlZWsiOjN9','2020-06-19 18:13:54.664562'),('zxnis9v1ehlfz391m6pkgxuttozej85b','NDU2YzdhNDdmMTY3NDBkMDBkNzgxMWZmYzg2NDhiZDIxODRiMmQ3Njp7InNlbGVjdGVkX3dlZWsiOjN9','2020-09-18 12:34:50.475855');
/*!40000 ALTER TABLE `django_session` ENABLE KEYS */;
UNLOCK TABLES;

--
-- Table structure for table `meals_ingredient`
--

DROP TABLE IF EXISTS `meals_ingredient`;
/*!40101 SET @saved_cs_client     = @@character_set_client */;
/*!50503 SET character_set_client = utf8mb4 */;
CREATE TABLE `meals_ingredient` (
  `id` int NOT NULL AUTO_INCREMENT,
  `name` varchar(50) NOT NULL,
  `aisle` decimal(4,1) NOT NULL,
  `auto_add` tinyint(1) NOT NULL,
  PRIMARY KEY (`id`),
  UNIQUE KEY `meals_ingredient_name_5c17d88b_uniq` (`name`)
) ENGINE=InnoDB AUTO_INCREMENT=257 DEFAULT CHARSET=utf8;
/*!40101 SET character_set_client = @saved_cs_client */;

--
-- Dumping data for table `meals_ingredient`
--

LOCK TABLES `meals_ingredient` WRITE;
/*!40000 ALTER TABLE `meals_ingredient` DISABLE KEYS */;
INSERT INTO `meals_ingredient` VALUES (1,'Butter, Stick',10.0,0),(2,'Sugar',7.0,0),(3,'Bananas',1.0,1),(4,'Salt, Water Softener',20.0,1),(5,'Eggs',10.0,0),(6,'Flour, Whole Wheat',7.0,0),(7,'Onion',1.0,1),(8,'Avocado',1.0,1),(9,'Apples',1.0,1),(10,'Garlic',1.0,1),(11,'Lettuce',1.0,1),(12,'Parsley',0.6,1),(13,'Cilantro',0.6,1),(14,'Taco Seasoning',3.0,1),(15,'Gravy, Chicken',3.0,1),(16,'Quaker Oats',2.0,0),(17,'Coconut Milk',4.0,1),(18,'Beer',20.0,0),(19,'Eggos',9.0,0),(20,'Ice Cream',8.0,0),(21,'Yogurt',10.0,0),(22,'Cereal',2.0,0),(23,'Coffee, Starbucks',8.0,0),(24,'Refried Beans',4.0,0),(25,'Chicken Broth',6.0,0),(26,'Coffee, Via',8.0,0),(27,'Spaghetti Sauce - Plum',3.0,0),(28,'Tomatoes, Can San Marzanos',3.0,0),(29,'Tortilla Chips',5.0,0),(30,'Honey',9.5,0),(31,'Milk',10.5,0),(32,'Orange Juice',10.0,0),(33,'Mt. Dew',12.0,0),(34,'Black Beans',3.0,1),(35,'Rice',3.0,0),(36,'Cookies',6.0,0),(37,'Chocolate Syrup',8.0,0),(38,'Italian Dressing',4.0,0),(39,'Peanut Butter',9.5,0),(41,'Hamburger Buns',5.5,0),(45,'Chili Laredo',6.0,0),(46,'Tater Tots',9.0,0),(47,'Bacon',10.0,1),(48,'Sourdough Bread',6.5,0),(49,'Roast Beef',0.0,1),(50,'Zucchini',1.0,1),(51,'Sour Cream',10.0,0),(52,'Mushrooms, Button',1.0,1),(53,'Scallions/Green Onions',0.7,1),(54,'Carrots',1.0,1),(55,'Cheddar Cheese, Shredded',10.0,0),(56,'Beef, Ground',13.5,1),(57,'Jasmine Rice',3.0,0),(58,'Soy Sauce',4.0,0),(59,'Sriracha',4.0,0),(60,'Tomatos, vine ripe',1.0,1),(61,'Cheddar Cheese, slices',10.0,1),(62,'Pancake Mix',7.0,0),(63,'Creamer, Hazelnut',10.5,0),(64,'Pork Sausage',10.0,0),(65,'Shallot',1.0,1),(66,'Lemon',0.8,1),(67,'Peas, Frozen',9.0,0),(68,'Flour Tortillas',10.5,0),(69,'Red Bell Pepper',0.7,1),(70,'Lime',0.8,1),(71,'Red Onion',1.0,1),(72,'Chicken Thighs',13.5,0),(73,'Hamburger',14.5,0),(74,'Lunch Meat, Ham',10.0,0),(75,'Cream, Heavy',10.5,1),(76,'Oregano, Fresh',1.0,1),(77,'Italian Bread',6.5,0),(78,'Chocolate Chips',7.0,0),(79,'Broccoli',1.0,1),(80,'Ginger',1.0,1),(81,'Ketchup',4.0,0),(82,'Ziploc, Gallon',17.0,0),(83,'Green Beans',1.0,1),(84,'Salt, Sea (Fine)',7.0,0),(85,'Flour',7.0,0),(86,'Steak, Ribeye',15.5,0),(87,'Potatoes',1.0,0),(88,'Soup, Tomato (Safeway)',0.5,0),(89,'Tomatoes, Cherry',1.0,0),(90,'Chicken Nuggets',9.5,0),(91,'Mushrooms',1.0,1),(92,'Wonton Wrappers',1.0,1),(93,'Bok Choy',1.0,1),(94,'Lo Mein Noodles',4.0,1),(95,'Chili without Beans',3.0,1),(96,'Tomato Paste',3.0,0),(97,'Crushed Tomatoes',3.0,0),(98,'Tomatoes, Can Whole',3.0,0),(99,'Small Red Beans',99.0,0),(100,'Kidney Beans',3.0,0),(101,'Buttermilk',10.5,0),(102,'Hot Dog Buns',6.5,0),(103,'Hot Dogs',10.0,0),(104,'Chicken Breasts',13.5,0),(105,'Kaiser Rolls',4.5,1),(106,'Celery',1.0,1),(107,'Green Bell Pepper',0.7,0),(108,'Shoepeg Corn',3.0,1),(109,'Ritz',6.0,0),(110,'Mustard',4.0,0),(111,'Beef Chuck, Boneless',12.0,1),(112,'Merlot Wine',19.0,0),(113,'Beef Broth',99.7,0),(114,'Rosemary',1.0,1),(115,'Tomatoes, Canned Diced',3.0,0),(116,'Mashed Potatoes',3.0,0),(117,'Cheesecake',4.5,0),(118,'Litter',18.0,0),(119,'Lasagna Noodles',3.0,0),(120,'Ricotta Cheese',10.0,0),(121,'Mozzarella Cheese, Shredded',10.0,0),(122,'Marinara Sauce',3.0,0),(123,'Butter with Canola Oil',10.0,0),(124,'Cream Cheese',10.0,0),(125,'French Rolls',5.5,0),(126,'Asparagus',1.0,0),(127,'Black Olives',4.0,1),(128,'Red Kidney Beans, Dried',3.0,0),(129,'Ham Hock',9.5,0),(130,'Smoked Sausage Link',10.0,1),(131,'Rotini, Tricolor',3.0,0),(132,'Alfredo Sauce',3.0,1),(133,'Frozen Pot Pie',9.0,0),(134,'Beef Flank Steak',13.5,1),(135,'Guacamole',10.0,0),(136,'Black Pepper',7.0,0),(137,'Aluminum Foil',19.0,0),(138,'Red Barons Pizza',9.0,0),(139,'Spaghetti Noodles',3.0,0),(140,'Cumin',7.0,0),(141,'Ranch Dressing',1.5,0),(142,'Mayonnaise',99.0,0),(143,'Baking Tins',7.0,0),(144,'Bagels',6.5,0),(145,'Napkins (Bounty)',17.0,1),(146,'Hoisin Sauce',4.0,0),(147,'Cucumber',0.7,1),(148,'Top Sirloin Steak',14.5,1),(149,'Toothpicks',7.0,0),(150,'Croutons',4.0,0),(151,'Parmesan Cheese',0.5,1),(152,'Mac & Cheese',3.0,0),(153,'Rotisserie Chicken',0.5,0),(154,'Cookie Dough',10.0,0),(155,'Campbell\'s Tomato Soup',6.0,0),(156,'Yeast, Dry',7.0,0),(157,'Pizza Sauce',3.0,1),(158,'Pepperoni',9.4,0),(159,'Miracle Whip',4.0,0),(160,'Tortellini Pasta',10.0,1),(161,'Risotto',3.0,0),(162,'Crushed Tomatoes, Italian Contadina',3.0,1),(163,'Italian Bread Crumbs',7.0,0),(164,'Angel hair Pasta',3.0,0),(165,'Thyme',1.0,1),(166,'Penne Pasta',3.0,1),(167,'Half-and-half Cream',10.5,1),(168,'Stamps',100.0,1),(169,'Mozzarella Cheese, Fresh',0.5,1),(170,'Spinach',1.0,1),(171,'Vegetable Oil',7.0,0),(172,'Water',12.0,0),(173,'Powdered Sugar',7.0,0),(174,'Trash Bags',19.0,0),(175,'Ziploc, Quart',17.0,0),(176,'Wheat Buns',6.5,1),(177,'Pineapple',6.0,1),(178,'Teriyaki Sauce',4.0,0),(179,'Provolone Cheese',10.0,0),(180,'Brown Sugar',7.0,0),(181,'Cashews',5.0,0),(182,'Dijon Mustard',4.0,0),(183,'Salmon, Can',4.0,1),(184,'Pancake Syrup',2.0,0),(185,'Cling Wrap',16.0,0),(186,'Naan',1.5,1),(187,'Hummus',0.2,1),(188,'Tzatziki',4.0,0),(189,'Strawberry Extract',7.0,0),(190,'Cauliflower',1.0,1),(191,'Cavatappi Pasta',3.0,1),(192,'Italian Cheese Blend',10.0,1),(193,'Bone-in Pork Shoulder Blade Roast',13.5,1),(194,'Barbecue Sauce-Stubb\'s Mesquite',4.0,0),(195,'Coleslaw/Bag Salad',1.5,1),(196,'Pita Chips',0.5,1),(197,'Boboli Pizza',9.0,1),(198,'Basil',1.0,1),(199,'French Bread',2.5,1),(200,'Olive Oil',7.0,0),(201,'Pork Back Spareribs',13.5,1),(202,'Apple Cider Vinegar',3.0,0),(203,'Corn Tortillas',10.5,1),(204,'Cream of Chicken Soup',6.0,1),(205,'Chicken Taco Mix',3.0,1),(206,'Green Chilis, can',4.0,1),(207,'Mex Blend Cheese',10.0,0),(208,'Pork & Beans',3.0,1),(209,'Strawberries',1.0,0),(210,'Coffee Filters',8.0,0),(211,'Cascade Complete - Dishwasher Pods',17.0,0),(212,'Crescent Rolls',10.0,1),(213,'Monterey Jack Cheese',10.0,0),(214,'Chorizo Sausage',14.5,0),(215,'White Wine Vinegar',3.0,0),(216,'Popcorn',5.0,0),(217,'Pork Tenderloin',13.5,1),(218,'Apple Juice',10.0,0),(219,'Apricot Jam',9.5,0),(220,'Brats',13.5,0),(221,'Sauerkraut',3.0,0),(222,'Batteries',15.0,0),(223,'Marshmallows',99.7,0),(224,'Rice Krispies',2.0,0),(225,'Pam',7.0,0),(226,'Paper Towels',17.0,0),(227,'Dawn',16.0,0),(228,'Chicken wings',13.5,1),(229,'Fettuccine noodles',4.0,1),(230,'Grapes',1.0,0),(231,'Garlic Bread',9.9,1),(232,'Snickers Ice Cream',8.0,0),(233,'Cider',20.0,0),(234,'Dried Split Peas',3.0,1),(235,'Ham Steak',10.0,1),(236,'Bay Leaves',7.0,0),(237,'Bow Tie Pasta',4.0,1),(238,'Yellow Pepper',1.0,1),(239,'Hard Salami',0.5,1),(240,'Italian Dressing, Packet',4.0,0),(241,'Banana Pepper Rings',99.3,0),(242,'Bread Sticks',9.0,1),(243,'Taco Sauce, Macayos',4.0,0),(244,'Vanilla',7.0,0),(245,'Gouda cheese',0.5,0),(246,'Sandwich Bags',19.0,0),(247,'Evaporated Milk',7.0,0),(248,'Frozen Bread Dough',8.0,1),(249,'Tomato Sauce, Italian Contadina',3.0,1),(250,'Chicken Noodle Soup',6.0,0),(251,'Cat Food',19.0,0),(252,'Tostadas Shells',99.3,1),(253,'Jalapeno',1.0,1),(254,'Puff Pastry',8.0,1),(255,'Bread pugilese como',1.5,0),(256,'Sweetened condensed milk',7.0,1);
/*!40000 ALTER TABLE `meals_ingredient` ENABLE KEYS */;
UNLOCK TABLES;

--
-- Table structure for table `meals_meal`
--

DROP TABLE IF EXISTS `meals_meal`;
/*!40101 SET @saved_cs_client     = @@character_set_client */;
/*!50503 SET character_set_client = utf8mb4 */;
CREATE TABLE `meals_meal` (
  `id` int NOT NULL AUTO_INCREMENT,
  `name` varchar(50) NOT NULL,
  `notes` longtext,
  `image` varchar(100) NOT NULL,
  PRIMARY KEY (`id`),
  UNIQUE KEY `meals_meal_name_0d414fef_uniq` (`name`)
) ENGINE=InnoDB AUTO_INCREMENT=57 DEFAULT CHARSET=utf8;
/*!40101 SET character_set_client = @saved_cs_client */;

--
-- Dumping data for table `meals_meal`
--

LOCK TABLES `meals_meal` WRITE;
/*!40000 ALTER TABLE `meals_meal` DISABLE KEYS */;
INSERT INTO `meals_meal` VALUES (1,'Spaghetti','this is a note on how to make spaghetti','meal_pics/IMG_0384.jpg'),(2,'Chili','this is a note on how to make chili','default.jpg'),(3,'Black Bean Burritos','Black Bean Burritos','default.jpg'),(4,'Roast Beef Sandwiches','Roast Beef Sandwiches','default.jpg'),(5,'Nachos','no notes','default.jpg'),(6,'Beef Sriracha','Beef Sriracha','meal_pics/IMG_0656.jpg'),(7,'Pancakes, Bacon & Eggs','Pancakes, Bacon & Eggs','default.jpg'),(8,'Hamburger & Tater Tots','Hamburger & Tater Tots','default.jpg'),(9,'Sausage & Pea Risotto','Sausage & Pea Risotto','default.jpg'),(10,'Tomato Soup','Tomato Soup','default.jpg'),(11,'Teriyaki Chicken Bowl','Teriyaki Chicken Bowl','default.jpg'),(12,'Hoisin Meatballs','Hoisin Meatballs','default.jpg'),(13,'Filipino Noodle Soup','Filipino Noodle Soup','default.jpg'),(14,'Wonton Noodle Soup','Wonton Noodle Soup','default.jpg'),(15,'Potato Soup','Potato Soup','default.jpg'),(16,'Chimichangas','Chimichangas','default.jpg'),(17,'Beef Stew','Beef Stew','default.jpg'),(18,'Lasagna Roll-Ups','Lasagna Roll-Ups','default.jpg'),(19,'Red Beans & Rice','Red Beans & Rice','default.jpg'),(20,'Baked Rotini with Ham','Baked Rotini with Ham','default.jpg'),(21,'Steak Fajitas','Steak Fajitas','default.jpg'),(22,'Chicken Sandwich & Tater Tots','Honey Mayonnaise','default.jpg'),(23,'Meatloaf & Mashed Potatoes','Meatloaf & Mashed Potatoes','default.jpg'),(24,'Green Pepper Steak','Green Pepper Steak','default.jpg'),(25,'Chicken Salad','with Chicken nuggets','default.jpg'),(26,'Chimichurri Chicken Bowl','Chimichurri Chicken Bowl','default.jpg'),(27,'Chicken Parmigiana','Chicken Parmigiana','default.jpg'),(28,'Burritos','Burritos','default.jpg'),(29,'Corn and Potato Chowder','Corn and Potato Chowder','default.jpg'),(30,'Bacon & Asparagus Penne Pasta','','default.jpg'),(31,'Sloppy Joes','Sloppy Joes','default.jpg'),(32,'Skillet Spinach Lasagna','Skillet Spinach Lasagna','default.jpg'),(33,'Teriyaki Burgers & Tater Tots','','default.jpg'),(34,'Fancy Tostadas','','default.jpg'),(35,'Salmon Cakes & Angel Hair Pasta','','default.jpg'),(36,'Chicken Naan','','default.jpg'),(37,'BLT & Soup','','default.jpg'),(38,'Cauliflower Mac & Cheese','','default.jpg'),(39,'BBQ Pulled Pork Sandwiches','','default.jpg'),(40,'Boboli Pizza','','default.jpg'),(41,'Honey Garlic Spareribs','','default.jpg'),(42,'Chicken Enchiladas','','default.jpg'),(43,'Pizzarolis and Chili Laredo & Rice','','default.jpg'),(44,'Chorizo Breakfast Tacos','','default.jpg'),(45,'Baked Potato','','default.jpg'),(46,'Grilled Pizza','','default.jpg'),(47,'Pork Tenderloin & Baked Beans','','default.jpg'),(48,'Bagels','','default.jpg'),(49,'Chicken wings and fettuccine','','default.jpg'),(50,'Split Pea Soup','','default.jpg'),(51,'Italian Basil Pasta Salad','','default.jpg'),(52,'BBQ pizza','','default.jpg'),(53,'Mini Sausage Calzone','','default.jpg'),(54,'Tostadas','','default.jpg'),(55,'Real Calzones','','default.jpg'),(56,'Carnitas Tacos','','default.jpg');
/*!40000 ALTER TABLE `meals_meal` ENABLE KEYS */;
UNLOCK TABLES;

--
-- Table structure for table `meals_meal_details`
--

DROP TABLE IF EXISTS `meals_meal_details`;
/*!40101 SET @saved_cs_client     = @@character_set_client */;
/*!50503 SET character_set_client = utf8mb4 */;
CREATE TABLE `meals_meal_details` (
  `id` int NOT NULL AUTO_INCREMENT,
  `quantity` smallint unsigned NOT NULL,
  `ingredient_id` int NOT NULL,
  `meal_id` int NOT NULL,
  PRIMARY KEY (`id`),
  KEY `meals_meal_details_ingredient_id_2ed94641_fk_meals_ingredient_id` (`ingredient_id`),
  KEY `meals_meal_details_meal_id_2b54b09d_fk_meals_meal_id` (`meal_id`),
  CONSTRAINT `meals_meal_details_ingredient_id_2ed94641_fk_meals_ingredient_id` FOREIGN KEY (`ingredient_id`) REFERENCES `meals_ingredient` (`id`),
  CONSTRAINT `meals_meal_details_meal_id_2b54b09d_fk_meals_meal_id` FOREIGN KEY (`meal_id`) REFERENCES `meals_meal` (`id`)
) ENGINE=InnoDB AUTO_INCREMENT=909 DEFAULT CHARSET=utf8;
/*!40101 SET character_set_client = @saved_cs_client */;

--
-- Dumping data for table `meals_meal_details`
--

LOCK TABLES `meals_meal_details` WRITE;
/*!40000 ALTER TABLE `meals_meal_details` DISABLE KEYS */;
INSERT INTO `meals_meal_details` VALUES (16,1,49,4),(17,1,11,4),(18,1,55,4),(19,2,60,4),(20,1,56,8),(21,1,46,8),(22,1,41,8),(23,1,61,8),(24,1,5,7),(25,1,47,7),(26,1,62,7),(39,1,7,10),(40,2,10,10),(41,1,28,10),(42,1,25,10),(43,1,75,10),(44,1,76,10),(54,1,64,13),(55,1,7,13),(56,2,25,13),(57,1,13,13),(58,1,70,13),(59,1,53,14),(60,6,91,14),(61,2,64,14),(62,1,92,14),(63,1,25,14),(64,1,93,14),(65,1,94,14),(98,1,47,15),(99,1,106,15),(100,1,25,15),(101,1,13,15),(102,1,75,15),(103,1,7,15),(104,1,87,15),(111,1,56,16),(112,1,55,16),(113,1,68,16),(114,1,107,16),(115,1,7,16),(116,1,24,16),(117,1,108,16),(118,1,14,16),(128,1,113,17),(129,1,111,17),(130,1,54,17),(131,1,10,17),(132,1,112,17),(133,1,91,17),(134,1,7,17),(135,1,12,17),(136,1,114,17),(137,1,96,17),(138,1,115,17),(142,1,5,18),(143,1,119,18),(144,1,122,18),(145,1,121,18),(146,1,12,18),(147,1,64,18),(148,1,120,18),(158,1,106,19),(159,1,25,19),(160,1,10,19),(161,1,129,19),(162,1,7,19),(163,1,128,19),(164,1,130,19),(173,1,127,5),(174,1,55,5),(175,1,24,5),(176,1,51,5),(177,1,29,5),(185,1,134,21),(186,1,13,21),(187,1,68,21),(188,1,10,21),(189,1,107,21),(190,1,70,21),(191,1,7,21),(192,1,89,21),(196,1,7,1),(197,1,64,1),(198,1,139,1),(199,1,27,1),(218,1,104,22),(219,1,30,22),(220,1,105,22),(221,1,11,22),(222,1,142,22),(223,1,46,22),(224,1,60,22),(253,1,10,24),(254,1,80,24),(255,1,107,24),(256,1,7,24),(257,1,58,24),(258,1,60,24),(259,1,148,24),(265,1,55,25),(266,1,90,25),(267,1,150,25),(268,1,147,25),(269,1,11,25),(270,1,141,25),(271,1,89,25),(278,1,132,20),(279,1,31,20),(280,1,121,20),(281,1,7,20),(282,1,151,20),(283,1,131,20),(284,1,130,20),(285,1,34,3),(286,1,55,3),(287,1,72,3),(288,1,13,3),(289,1,124,3),(290,1,68,3),(291,1,10,3),(292,1,70,3),(293,1,69,3),(294,1,71,3),(295,1,153,3),(303,1,8,26),(304,1,72,26),(305,1,13,26),(306,1,17,26),(307,1,10,26),(308,1,57,26),(309,1,76,26),(310,1,12,26),(311,1,89,26),(312,1,66,9),(313,1,67,9),(314,1,64,9),(315,1,161,9),(316,1,65,9),(344,1,164,27),(345,1,104,27),(346,1,162,27),(347,1,5,27),(348,1,10,27),(349,1,163,27),(350,1,121,27),(351,1,7,27),(352,1,151,27),(366,1,25,29),(367,1,75,29),(368,1,10,29),(369,1,7,29),(370,1,87,29),(371,1,108,29),(372,1,130,29),(373,1,165,29),(380,1,126,30),(381,1,47,30),(382,1,10,30),(383,1,167,30),(384,1,121,30),(385,1,151,30),(386,1,12,30),(387,1,166,30),(418,1,162,32),(419,1,10,32),(420,1,119,32),(421,1,169,32),(422,1,91,32),(423,1,151,32),(424,1,64,32),(425,1,120,32),(426,1,170,32),(427,1,96,32),(428,1,56,31),(429,1,107,31),(430,1,41,31),(431,1,81,31),(432,1,110,31),(433,1,7,31),(472,1,56,34),(473,1,55,34),(474,1,13,34),(475,1,68,34),(476,1,107,34),(477,1,70,34),(478,1,7,34),(479,1,89,34),(491,1,164,35),(492,1,182,35),(493,1,5,35),(494,1,66,35),(495,1,151,35),(496,1,12,35),(497,1,183,35),(498,1,53,35),(499,1,79,11),(500,1,54,11),(501,1,72,11),(502,1,10,11),(503,1,80,11),(504,1,35,11),(509,1,104,36),(510,1,147,36),(511,1,187,36),(512,1,38,36),(513,1,186,36),(514,1,89,36),(515,1,188,36),(516,1,47,37),(517,1,155,37),(518,1,77,37),(519,1,81,37),(520,1,11,37),(521,1,142,37),(522,1,60,37),(526,1,47,38),(527,1,190,38),(528,1,191,38),(529,1,25,38),(530,1,192,38),(531,1,31,38),(532,1,53,38),(542,1,194,39),(543,1,193,39),(544,1,195,39),(545,1,41,39),(546,1,56,2),(547,1,97,2),(548,1,100,2),(549,1,7,2),(550,1,99,2),(551,1,96,2),(552,1,98,2),(566,1,56,33),(567,1,177,33),(568,1,179,33),(569,1,46,33),(570,1,178,33),(571,1,176,33),(576,1,198,40),(577,1,197,40),(578,1,10,40),(579,1,169,40),(580,1,60,40),(597,1,202,41),(598,1,195,41),(599,1,10,41),(600,1,30,41),(601,1,201,41),(602,1,53,41),(603,1,58,41),(611,1,127,42),(612,1,104,42),(613,1,205,42),(614,1,203,42),(615,1,204,42),(616,1,206,42),(617,1,11,42),(618,1,207,42),(619,1,31,42),(620,1,7,42),(621,1,51,42),(622,1,89,42),(627,1,45,43),(628,1,212,43),(629,1,121,43),(630,1,158,43),(631,1,35,43),(639,1,214,44),(640,1,13,44),(641,1,203,44),(642,1,5,44),(643,1,70,44),(644,1,31,44),(645,1,213,44),(646,1,7,44),(647,1,89,44),(654,1,194,45),(655,1,55,45),(656,1,104,45),(657,1,87,45),(658,1,53,45),(659,1,51,45),(660,1,89,45),(661,1,198,46),(662,1,85,46),(663,1,10,46),(664,1,121,46),(665,1,158,46),(666,1,157,46),(667,1,156,46),(678,1,218,47),(679,1,219,47),(680,1,182,47),(681,1,208,47),(682,1,217,47),(683,1,56,6),(684,1,54,6),(685,1,10,6),(686,1,80,6),(687,1,57,6),(688,1,52,6),(689,1,53,6),(690,1,58,6),(691,1,59,6),(692,1,215,6),(693,1,50,6),(694,1,143,23),(695,1,56,23),(696,1,15,23),(697,1,81,23),(698,1,116,23),(699,1,7,23),(700,1,56,12),(701,1,80,12),(702,1,83,12),(703,1,146,12),(704,1,57,12),(705,1,70,12),(706,1,53,12),(707,1,144,48),(708,1,124,48),(709,1,147,48),(710,1,60,48),(711,1,132,49),(712,1,228,49),(713,1,229,49),(714,1,38,49),(715,1,58,49),(730,1,54,50),(731,1,106,50),(732,1,25,50),(733,1,234,50),(734,1,10,50),(735,1,129,50),(736,1,235,50),(737,1,7,50),(738,1,165,50),(778,1,241,51),(779,1,198,51),(780,1,237,51),(781,1,239,51),(782,1,240,51),(783,1,169,51),(784,1,71,51),(785,1,89,51),(786,1,238,51),(814,1,194,52),(815,1,198,52),(816,1,72,52),(817,1,13,52),(818,1,85,52),(819,1,10,52),(820,1,245,52),(821,1,121,52),(822,1,71,52),(823,1,156,52),(824,1,56,28),(825,1,127,28),(826,1,55,28),(827,1,68,28),(828,1,11,28),(829,1,24,28),(830,1,51,28),(831,1,14,28),(832,1,89,28),(845,1,5,53),(846,1,248,53),(847,1,249,53),(848,1,121,53),(849,1,7,53),(850,1,151,53),(851,1,64,53),(865,1,127,54),(866,1,55,54),(867,1,11,54),(868,1,24,54),(869,1,51,54),(870,1,89,54),(871,1,252,54),(881,1,198,55),(882,1,55,55),(883,1,5,55),(884,1,85,55),(885,1,91,55),(886,1,158,55),(887,1,64,55),(888,1,120,55),(889,1,249,55),(890,1,156,55),(898,1,8,56),(899,1,18,56),(900,1,25,56),(901,1,68,56),(902,1,10,56),(903,1,107,56),(904,1,253,56),(905,1,70,56),(906,1,7,56),(907,1,217,56),(908,1,51,56);
/*!40000 ALTER TABLE `meals_meal_details` ENABLE KEYS */;
UNLOCK TABLES;

--
-- Table structure for table `stores_store`
--

DROP TABLE IF EXISTS `stores_store`;
/*!40101 SET @saved_cs_client     = @@character_set_client */;
/*!50503 SET character_set_client = utf8mb4 */;
CREATE TABLE `stores_store` (
  `id` int NOT NULL AUTO_INCREMENT,
  `name` varchar(50) NOT NULL,
  `address` varchar(100) NOT NULL,
  `city` varchar(50) NOT NULL,
  `state` varchar(2) NOT NULL,
  `zip_code` varchar(5) NOT NULL,
  PRIMARY KEY (`id`),
  UNIQUE KEY `name` (`name`)
) ENGINE=InnoDB AUTO_INCREMENT=2 DEFAULT CHARSET=utf8mb4 COLLATE=utf8mb4_0900_ai_ci;
/*!40101 SET character_set_client = @saved_cs_client */;

--
-- Dumping data for table `stores_store`
--

LOCK TABLES `stores_store` WRITE;
/*!40000 ALTER TABLE `stores_store` DISABLE KEYS */;
INSERT INTO `stores_store` VALUES (1,'Albertsons','3145 S Alma School Rd','Chandler','AZ','85248');
/*!40000 ALTER TABLE `stores_store` ENABLE KEYS */;
UNLOCK TABLES;

--
-- Table structure for table `users_profile`
--

DROP TABLE IF EXISTS `users_profile`;
/*!40101 SET @saved_cs_client     = @@character_set_client */;
/*!50503 SET character_set_client = utf8mb4 */;
CREATE TABLE `users_profile` (
  `id` int NOT NULL AUTO_INCREMENT,
  `image` varchar(100) NOT NULL,
  `user_id` int NOT NULL,
  PRIMARY KEY (`id`),
  UNIQUE KEY `user_id` (`user_id`),
  CONSTRAINT `users_profile_user_id_2112e78d_fk_auth_user_id` FOREIGN KEY (`user_id`) REFERENCES `auth_user` (`id`)
) ENGINE=InnoDB AUTO_INCREMENT=4 DEFAULT CHARSET=utf8;
/*!40101 SET character_set_client = @saved_cs_client */;

--
-- Dumping data for table `users_profile`
--

LOCK TABLES `users_profile` WRITE;
/*!40000 ALTER TABLE `users_profile` DISABLE KEYS */;
INSERT INTO `users_profile` VALUES (3,'profile_pics/IMG_0790.JPG',1);
/*!40000 ALTER TABLE `users_profile` ENABLE KEYS */;
UNLOCK TABLES;
/*!40103 SET TIME_ZONE=@OLD_TIME_ZONE */;

/*!40101 SET SQL_MODE=@OLD_SQL_MODE */;
/*!40014 SET FOREIGN_KEY_CHECKS=@OLD_FOREIGN_KEY_CHECKS */;
/*!40014 SET UNIQUE_CHECKS=@OLD_UNIQUE_CHECKS */;
/*!40101 SET CHARACTER_SET_CLIENT=@OLD_CHARACTER_SET_CLIENT */;
/*!40101 SET CHARACTER_SET_RESULTS=@OLD_CHARACTER_SET_RESULTS */;
/*!40101 SET COLLATION_CONNECTION=@OLD_COLLATION_CONNECTION */;
/*!40111 SET SQL_NOTES=@OLD_SQL_NOTES */;

-- Dump completed on 2020-11-25  2:30:17
